Target,AccMeanX,AccMeanY,AccMeanZ,AccMedianX,AccMedianY,AccMedianZ,GyroMeanX,GyroMeanY,GyroMeanZ,GyroMedianX,GyroMedianY,GyroMedianZ
1,0.33548,-0.12967,-1.03444,0.41846,-0.14648,-1.02808,-1.11996,4.12977,2.13195,-1.38931,3.74809,1.68321
1,0.24759,-0.09488,-1.02047,0.16956,-0.10388,-1.00830,-1.61887,3.66412,1.86205,-1.26336,3.74809,0.93893
1,0.26341,-0.07377,-0.95246,0.21362,-0.10315,-0.99963,-0.95038,5.79008,1.19520,-0.30153,5.32824,0.87405
1,0.35779,-0.14348,-1.00082,0.39856,-0.13440,-1.00500,-0.92857,5.34624,0.57906,-0.59160,4.63359,0.72137
1,0.23696,-0.13410,-1.01857,0.21411,-0.12952,-0.99548,0.25409,4.48146,-0.81679,-0.46565,4.58779,0.36641
1,0.27985,-0.10121,-0.97928,0.29980,-0.07434,-0.98950,-0.60523,4.61014,1.17884,-0.01527,5.25954,1.08779
1,0.24048,-0.09874,-0.91574,0.18835,-0.06543,-0.98486,-1.35660,3.19084,0.73882,-0.81298,4.17176,0.79008
1,0.29428,-0.12638,-1.00558,0.31067,-0.10645,-1.00195,-0.11832,4.40894,0.34842,0.84733,4.00000,0.70611
1,0.31592,-0.14931,-1.04689,0.25415,-0.13733,-1.01208,-0.85987,3.31407,0.66957,-0.62977,4.28626,0.85496
1,0.32858,-0.14788,-1.04129,0.34119,-0.13733,-1.01135,-0.77590,3.32170,0.46347,-0.54198,4.28626,0.85496
1,0.31039,-0.14157,-0.95654,0.27466,-0.13379,-0.97327,0.33206,5.12486,0.43511,-0.14885,4.50000,0.93511
1,0.33740,-0.14772,-0.99534,0.35193,-0.12866,-1.00574,-1.36968,4.60905,0.59106,-0.65649,4.50000,0.79771
1,0.42261,-0.11672,-0.91915,0.42712,-0.10742,-0.90735,-0.66957,4.39313,0.71592,-0.77481,3.97710,0.46565
1,0.35270,-0.13185,-1.00403,0.38135,-0.12048,-0.99707,-0.41658,5.50491,1.22628,-0.62595,5.36641,0.73664
1,0.29391,-0.14165,-1.00691,0.26025,-0.12952,-0.99670,-0.01036,4.78026,-0.12704,-0.08779,4.58779,0.70611
1,0.30514,-0.12692,-1.00664,0.27783,-0.13733,-1.00964,-1.19084,5.51036,2.09815,-1.04580,5.74046,1.60305
1,0.31485,-0.13672,-0.99454,0.28406,-0.16919,-0.99341,-0.55780,4.42039,1.38495,-0.72137,4.61450,1.12595
1,0.30596,-0.11649,-1.01404,0.26367,-0.10010,-0.99731,-1.61559,4.11232,1.84133,-1.27099,3.97710,0.88168
1,0.24637,-0.11305,-1.02260,0.17395,-0.10205,-1.00806,-0.65649,3.76609,0.22192,-0.09542,3.55725,0.72901
1,0.36792,-0.14936,-1.00058,0.39856,-0.15576,-1.00500,-1.40949,5.84733,0.63086,-0.96183,5.88168,0.72137
1,0.35972,-0.14751,-0.99283,0.38940,-0.16797,-0.99475,-0.30262,3.40513,-0.11996,-0.36260,4.33969,0.44656
1,0.31428,-0.11346,-0.95750,0.31213,-0.10034,-0.94910,-0.16140,4.96892,1.42366,-0.15649,4.85115,1.40076
1,0.32132,-0.13072,-1.01446,0.27881,-0.11377,-0.99731,-1.06707,4.36696,1.62977,-0.55725,3.97710,0.81679
1,0.33657,-0.17247,-0.93764,0.38379,-0.14160,-0.93677,0.35660,4.48092,-0.10251,0.33588,3.96947,-0.10687
1,0.31384,-0.16826,-0.95132,0.33484,-0.14099,-0.95984,0.03588,4.42137,-0.27863,-0.42748,4.03817,-0.17939
1,0.29883,-0.13450,-1.00891,0.26147,-0.10938,-1.00916,-1.68103,5.90513,1.79826,-1.07634,5.32061,0.94656
1,0.29860,-0.11516,-1.00230,0.33569,-0.11377,-1.00720,-1.24318,3.21538,1.40185,-1.26336,2.70992,1.09924
1,0.31817,-0.13471,-1.01918,0.27881,-0.11377,-0.99927,-1.38222,4.16358,1.65976,-0.73282,3.97710,0.86641
1,0.23757,-0.10543,-1.02550,0.19263,-0.08765,-1.00720,-1.83806,3.72192,1.80425,-0.71374,3.83969,1.03053
1,0.32556,-0.12866,-0.99702,0.34949,-0.13733,-1.00085,-1.10414,5.33206,2.20065,-1.04580,5.74046,1.74046
1,0.35849,-0.13086,-0.96561,0.38745,-0.12610,-1.00208,-0.52781,5.90458,0.39368,-0.55725,4.98473,0.75191
1,0.30743,-0.12254,-1.02215,0.23291,-0.10425,-1.02686,0.25463,4.32007,-0.00763,-0.56870,4.61450,0.51527
1,0.34520,-0.14155,-0.92093,0.38635,-0.12744,-1.00574,-1.23991,2.35115,0.90949,-1.16031,2.12595,1.11832
1,0.27070,-0.09018,-1.01590,0.23193,-0.10315,-1.00061,-0.08015,4.70556,2.00382,-0.56870,4.64122,0.89695
1,0.28534,-0.13861,-0.95776,0.24927,-0.12048,-0.95312,-0.17748,4.19084,0.49809,-0.28626,4.25191,0.70611
1,0.29478,-0.13464,-1.03331,0.26147,-0.10938,-1.01367,-1.63850,6.33097,1.61723,-1.07634,5.52672,0.82443
1,0.35646,-0.15632,-0.95851,0.38721,-0.15710,-0.98352,-0.45802,4.77863,0.53980,-0.40458,4.39313,0.96565
1,0.18387,-0.07141,-0.96598,0.16394,-0.08777,-0.93604,-1.27972,4.21047,1.75518,-0.69084,4.41985,1.58397
1,0.36464,-0.14019,-0.97302,0.38745,-0.12610,-1.00208,-0.71974,5.91167,0.18430,-0.83969,4.98473,0.56489
1,0.31348,-0.16167,-0.95625,0.32275,-0.14038,-0.95020,0.52824,3.89160,0.37710,0.33588,3.96947,0.58779
1,0.30125,-0.12899,-1.00258,0.33533,-0.12354,-1.00806,-1.88059,3.03708,1.19738,-1.67176,2.70992,0.93893
1,0.33787,-0.17402,-0.95082,0.33484,-0.15112,-0.96008,-0.05398,4.11450,0.00709,-0.48473,4.02672,0.39313
1,0.27122,-0.09044,-0.97027,0.33618,-0.11414,-0.92529,-0.06161,3.86914,1.02944,-0.53053,3.18321,0.96565
1,0.28008,-0.11441,-1.05366,0.21936,-0.12354,-1.05420,-1.00436,4.11287,2.13850,-1.26336,3.74809,1.68321
1,0.27891,-0.13517,-1.02084,0.21973,-0.13306,-1.01160,0.23446,4.67775,0.07797,0.84733,4.50382,0.70611
1,0.31548,-0.14385,-0.94917,0.27466,-0.14978,-0.97327,-0.25354,5.14504,0.32879,-0.31679,4.64122,0.90840
1,0.27412,-0.10643,-0.97778,0.29980,-0.07434,-0.98950,-1.05943,4.64558,1.12595,-1.12977,5.25954,1.08779
1,0.31982,-0.12953,-0.98453,0.31213,-0.12659,-0.97986,-0.29171,4.01636,1.33697,-0.37023,4.19847,1.17176
1,0.37997,-0.15393,-0.95244,0.40588,-0.17517,-0.97192,-0.37677,4.74046,0.56652,-0.48855,4.61450,0.75191
1,0.31192,-0.13143,-1.04904,0.36243,-0.10938,-1.01794,-1.41930,5.97601,1.40403,-1.07634,5.52672,0.80153
1,0.28135,-0.09446,-0.96537,0.24036,-0.09387,-0.98816,-0.42639,4.72028,1.49945,-0.38550,4.85115,1.66412
1,0.29684,-0.14131,-1.03922,0.24353,-0.09924,-1.01135,-0.92912,3.70011,0.61614,-0.62977,4.38931,0.79771
1,0.32000,-0.11862,-0.91581,0.31860,-0.12354,-0.99365,-1.44057,2.48146,1.08506,-1.49618,2.12595,1.11832
1,0.21048,-0.04701,-0.97320,0.18835,-0.06030,-0.98560,-0.77208,4.63795,0.85442,-0.79008,4.29771,0.82443
1,0.32961,-0.11881,-0.94577,0.37012,-0.10864,-0.99451,-0.08997,5.97056,1.21865,-0.27863,5.45038,1.17176
1,0.32715,-0.13710,-0.94772,0.33618,-0.11963,-0.97327,-0.04308,5.11887,0.54308,-0.31679,4.50000,0.96565
1,0.43828,-0.13025,-0.94017,0.45386,-0.12842,-0.90735,-1.01636,4.03599,0.67830,-0.96183,3.51908,0.66031
1,0.39390,-0.12568,-0.91884,0.44531,-0.12842,-0.90796,-0.27754,4.03653,0.91821,-0.69084,3.97710,0.96565
1,0.30659,-0.14258,-1.01343,0.30981,-0.13281,-1.02478,0.16412,3.74373,-0.24809,-0.64885,3.75191,0.42366
1,0.20136,-0.05150,-1.00385,0.18835,-0.06226,-0.99792,-1.21101,3.84624,-0.10360,-0.82824,4.22137,0.79008
1,0.33459,-0.11836,-0.96308,0.37012,-0.12659,-0.97986,-1.09324,4.29716,1.42094,-0.38550,4.55344,1.40076
1,0.36459,-0.15649,-0.98145,0.38745,-0.14514,-0.99426,-0.40894,5.84351,0.25354,-0.48855,5.23664,0.90840
1,0.39075,-0.16237,-0.96019,0.40588,-0.17517,-0.97900,-0.76990,4.39804,0.81352,-0.59924,4.41221,0.81298
1,0.22534,-0.13702,-1.02236,0.21411,-0.12952,-1.00037,0.67285,4.34678,-0.94711,-0.00382,4.11832,-0.08015
1,0.12638,-0.01915,-0.97281,0.10925,-0.02332,-0.96008,-1.45638,2.73064,1.79716,-0.57634,2.27863,1.85115
1,0.33104,-0.13304,-0.96232,0.32593,-0.12109,-0.98706,-0.46783,4.94166,0.59651,-0.59160,4.47710,0.81298
1,0.31039,-0.14969,-1.01107,0.29639,-0.13818,-0.99390,0.10960,4.28462,-0.84460,-0.43511,3.97328,-0.47328
1,0.15826,-0.01624,-0.94993,0.14124,-0.02332,-0.95312,-1.90185,3.50818,1.71810,-1.72901,3.69084,1.85115
1,0.28221,-0.11012,-0.92372,0.19373,-0.09729,-1.00574,-1.01799,2.89149,0.90458,-0.79008,2.25573,0.79771
1,0.38986,-0.14056,-0.99365,0.40051,-0.12610,-1.02014,-0.61178,5.34787,-0.11396,-0.83969,4.98473,0.09924
1,0.31920,-0.12163,-1.00881,0.33325,-0.10876,-1.00488,-0.63250,4.95692,1.40567,0.26718,5.25191,1.11069
1,0.37320,-0.15212,-0.99824,0.41626,-0.17810,-1.00085,-0.97437,6.06543,1.82879,-0.54962,5.74046,1.29389
1,0.37685,-0.12910,-0.93870,0.39539,-0.10986,-0.93750,-1.47056,4.43021,0.83479,-1.41603,4.20611,0.46183
1,0.18066,-0.01964,-0.97388,0.18835,-0.06030,-0.98218,-0.87023,3.67666,0.95965,-0.82824,4.22137,0.82824
1,0.29595,-0.10638,-0.95572,0.27490,-0.10474,-0.99902,-0.43184,5.19956,1.39313,-0.37786,4.88550,1.24809
1,0.25316,-0.08496,-0.97871,0.21362,-0.10315,-1.00061,-0.21538,5.57579,1.10960,-0.30153,4.69466,0.79771
1,0.32976,-0.13541,-1.00276,0.29492,-0.12610,-1.01514,-0.00763,4.67285,-0.03871,-0.56870,4.79389,0.46183
1,0.22021,-0.12549,-1.00994,0.19128,-0.10645,-1.00037,0.08179,5.06652,-0.40894,-0.08779,4.95038,0.61832
1,0.26772,-0.10134,-0.99220,0.26501,-0.06812,-0.99658,-1.17067,4.38441,1.05125,-1.55344,4.61069,0.99618
1,0.33970,-0.10071,-0.91807,0.40369,-0.12659,-0.90796,-0.52345,4.50327,1.08070,-0.70992,4.46565,1.03817
1,0.22191,-0.11183,-1.02879,0.16101,-0.10205,-1.00854,-0.83261,3.72628,0.22519,-0.27099,3.55725,0.72901
1,0.35050,-0.14413,-0.98186,0.36572,-0.16919,-0.99243,-0.23610,4.33206,1.38277,-0.50000,4.61450,1.12595
1,0.42045,-0.12667,-0.92395,0.42712,-0.12085,-0.90735,-0.65594,4.38659,0.81298,-0.77481,3.97710,0.65267
1,0.38710,-0.12558,-0.93080,0.39539,-0.09814,-0.90735,-0.97655,4.39531,0.87841,-1.25191,4.20611,0.76718
1,0.44285,-0.13593,-0.94076,0.45386,-0.13257,-0.90796,-0.82443,4.25082,0.64776,-0.70611,3.97710,0.66031
1,0.16680,-0.04806,-0.97264,0.16394,-0.07324,-0.96008,-1.42148,4.39695,2.66630,-0.70992,4.97710,1.80916
1,0.36210,-0.16982,-0.95750,0.36548,-0.15112,-0.96802,-0.12268,3.70447,0.05889,-0.53817,3.69084,0.44656
1,0.23160,-0.08006,-0.95912,0.25891,-0.09985,-0.91565,-0.95038,3.38004,1.32225,-0.53053,2.58397,1.17176
1,0.27874,-0.09082,-0.95984,0.33618,-0.11414,-0.92529,-0.09651,4.08888,1.02617,-0.53053,3.97710,0.96565
1,0.38030,-0.17969,-0.95593,0.41785,-0.18542,-0.97327,-0.46947,5.29826,0.17557,-0.30916,4.84351,0.62214
1,0.34066,-0.13346,-1.00042,0.37561,-0.10938,-1.00500,-1.33152,6.01636,1.75136,-0.65649,5.32061,0.91603
1,0.26578,-0.12535,-1.01833,0.23254,-0.11377,-1.00708,-0.91221,3.92203,2.05725,-0.73282,4.32443,1.33969
1,0.41143,-0.15463,-0.92229,0.46106,-0.13672,-0.98486,-2.46074,2.68048,0.59433,-2.19084,2.25573,0.62977
1,0.35646,-0.14739,-1.01392,0.39856,-0.15576,-1.00916,-1.50382,5.66903,0.98964,-1.53053,5.32824,0.72137
1,0.35012,-0.17201,-0.95361,0.34705,-0.15112,-0.96008,-0.00600,3.84297,0.05125,-0.18321,3.84733,0.39313
1,0.34112,-0.11883,-0.96066,0.35437,-0.07642,-0.97168,-1.14340,4.60251,0.88931,-0.77481,5.16031,0.71374
1,0.29256,-0.15685,-0.95711,0.30640,-0.14038,-0.96948,-0.12331,4.25602,-0.03641,-0.83969,3.96947,0.58779
1,0.35032,-0.12512,-1.02523,0.41846,-0.12744,-1.00232,-1.02345,4.28408,2.27972,-1.48855,4.30153,1.68321
1,0.33838,-0.14528,-1.03469,0.35364,-0.13733,-1.01135,-0.84842,3.52563,0.23937,-0.56870,4.33969,0.67939
1,0.36588,-0.15463,-0.96891,0.44373,-0.13672,-1.00281,-1.47219,3.06707,0.03599,-1.14504,2.45802,0.91603
1,0.32607,-0.15170,-0.95258,0.29822,-0.17310,-0.97327,-0.48964,5.25682,0.16303,-0.31679,4.84351,0.88931
1,0.05980,-0.02345,-0.96746,0.05518,-0.04919,-0.96008,-0.75027,2.94820,1.77481,0.61069,1.91985,1.38168
1,0.06168,-0.00966,-0.98758,0.05518,-0.02246,-0.98315,-1.05780,3.29553,1.64504,-0.31298,2.86260,1.38168
1,0.34455,-0.12784,-1.02666,0.41846,-0.14648,-1.00232,-0.92803,4.38277,2.28571,-1.27481,4.30153,1.68321
1,0.21427,-0.06907,-0.96695,0.20874,-0.08777,-0.92529,-1.26499,3.53326,1.49945,-0.69084,2.58397,1.20611
1,0.33339,-0.13252,-0.98872,0.35986,-0.11646,-1.00488,-1.31298,4.26609,1.34515,0.23664,4.78626,1.06107
1,0.25384,-0.10529,-1.04916,0.16956,-0.11377,-1.02917,-1.40022,4.36914,2.06216,-1.26336,4.30153,1.28626
1,0.25492,-0.12924,-1.00396,0.25525,-0.12952,-0.99158,0.19793,4.49836,-0.66031,-0.46565,4.58779,0.36641
1,0.27473,-0.09612,-1.02025,0.23193,-0.10962,-1.01282,-0.43293,4.76063,2.08506,-0.82443,4.64122,0.89695
1,0.34286,-0.14176,-0.94615,0.33057,-0.14978,-0.97632,-0.41549,5.51200,0.56652,-0.59160,4.64122,0.81298
1,0.24937,-0.13269,-1.01976,0.19629,-0.11938,-1.00525,0.03653,4.83806,-0.19302,0.39695,4.95038,0.61832
1,0.29921,-0.12690,-1.01172,0.31067,-0.10693,-1.00854,-0.33315,4.56161,0.35224,0.39695,4.59542,0.72901
1,0.33939,-0.14143,-0.97839,0.38635,-0.12476,-1.00281,-0.98855,3.86696,-0.05725,-0.78244,3.09160,0.91603
1,0.34042,-0.14673,-0.94411,0.33057,-0.17310,-0.96741,-0.35987,5.57197,0.65485,-0.48855,4.64122,0.83969
1,0.34321,-0.12378,-1.02673,0.41846,-0.11804,-1.01282,-0.77099,4.36260,2.21865,-1.27481,4.54580,1.37786
1,0.20239,-0.06154,-0.97888,0.18835,-0.06189,-0.98560,0.21265,4.26718,0.71374,-0.72137,4.25954,0.82443
1,0.25668,-0.11333,-1.01287,0.20691,-0.10010,-0.99927,-1.64776,3.77099,1.97274,-1.05725,4.17557,1.01145
1,0.37019,-0.15761,-0.97185,0.35181,-0.17200,-0.98389,-0.43402,4.29280,0.86423,-0.59924,4.22901,0.81298
1,0.29140,-0.15653,-0.95797,0.29968,-0.12598,-0.96973,-0.12277,4.27036,-0.11260,-0.87405,3.84733,0.24046
1,0.30040,-0.14880,-1.01779,0.27795,-0.13159,-1.00037,0.45474,4.91712,-0.01036,-0.00382,4.95038,0.71756
1,0.32016,-0.13803,-1.00977,0.33325,-0.13550,-1.00488,-0.89586,4.79553,1.42421,0.23664,5.25191,1.11069
1,0.20621,-0.07819,-0.95843,0.20007,-0.09985,-0.92529,-1.72955,4.05834,1.67230,-0.70992,3.67176,1.47710
1,0.26883,-0.10944,-1.02440,0.22937,-0.09375,-1.02490,-1.78408,4.01908,1.91003,-1.27099,3.83969,0.88168
1,0.32936,-0.13658,-1.03718,0.38538,-0.13440,-1.01794,-1.58561,6.17612,1.36478,-1.53053,6.50000,0.80153
1,0.31426,-0.15229,-1.01235,0.32349,-0.13818,-1.00281,-0.04744,4.52181,-0.96510,-0.64885,3.97328,-0.74809
1,0.30240,-0.12343,-0.99175,0.24036,-0.10022,-0.99695,-0.82061,3.91549,1.21810,-0.45802,4.12595,1.03053
1,0.38972,-0.16725,-1.01512,0.40637,-0.17090,-0.99536,-1.26499,4.54635,0.24591,-0.62977,4.44656,0.64504
1,0.27799,-0.12373,-1.00234,0.19116,-0.11499,-1.00183,-1.14885,5.27317,1.78790,-0.78244,5.32061,1.32061
1,0.32832,-0.12122,-0.97869,0.30029,-0.10999,-0.99707,-0.25682,5.04526,1.03817,-0.40076,4.69466,0.72137
1,0.29339,-0.12559,-1.01109,0.28796,-0.10205,-1.00806,-0.46838,4.64286,0.41603,-0.05725,4.92366,0.74046
1,0.32091,-0.13780,-1.00567,0.32349,-0.12476,-1.02478,-0.61069,3.46619,-0.26990,-0.78244,3.09160,0.42366
1,0.33766,-0.14943,-0.98410,0.38086,-0.12744,-1.01099,-0.28190,5.72901,0.22301,-0.48855,4.97710,0.75954
1,0.23026,-0.12462,-1.02998,0.19128,-0.10645,-1.00891,0.18103,5.23282,-0.22410,0.39695,4.95038,0.61832
1,0.30296,-0.15034,-1.00267,0.30981,-0.13818,-1.00281,-0.28844,4.14995,-0.62923,-0.64885,3.75191,-0.28244
1,0.40186,-0.12906,-0.92215,0.39539,-0.10742,-0.90735,-0.55889,4.68539,0.77263,-0.77481,4.66412,0.46565
1,0.28059,-0.11747,-1.02117,0.22705,-0.10010,-0.99927,-1.44220,4.27808,1.85278,-0.73282,4.17557,0.88550
1,0.30509,-0.11258,-0.97421,0.24451,-0.10864,-0.99707,-0.65049,5.16957,0.96892,-0.40076,4.69466,0.72137
1,0.32631,-0.14394,-0.98183,0.31934,-0.16919,-0.99243,-1.18212,3.88386,1.54853,-1.05725,4.17557,1.12595
1,0.29766,-0.12476,-1.01426,0.26367,-0.10010,-0.99927,-1.29662,3.96020,1.61996,-0.67176,3.97710,0.86641
1,0.33786,-0.16418,-0.94168,0.36536,-0.14099,-0.94348,0.17653,4.43416,-0.16794,-0.28626,4.03817,-0.17939
1,0.40683,-0.15072,-0.92140,0.46106,-0.13672,-0.97864,-2.37132,2.83969,0.65267,-1.92748,2.45802,0.91603
1,0.24510,-0.10946,-1.02830,0.20374,-0.09375,-1.02686,-2.01690,3.80044,1.97983,-1.27099,3.83969,1.03053
1,0.32143,-0.14891,-0.97461,0.32666,-0.11060,-0.97900,-0.38822,3.95802,0.65976,-0.67939,4.09542,0.79389
1,0.44242,-0.13055,-0.92208,0.45386,-0.13257,-0.90796,-0.43348,4.52835,0.89313,-0.69084,4.46565,0.96565
1,0.38492,-0.16617,-0.95086,0.41785,-0.18469,-0.97327,-0.62432,5.63522,0.48582,-0.48092,5.13740,0.88931
1,0.24360,-0.11942,-1.02516,0.16101,-0.12354,-1.00854,-1.18266,3.40840,0.42148,-0.63740,2.91985,0.74427
1,0.09333,-0.02096,-0.94170,0.07092,-0.04773,-0.93604,-0.96619,3.92312,2.70393,-0.16031,4.41985,2.05344
1,0.33275,-0.14083,-0.99737,0.38538,-0.12024,-1.00366,-0.87405,5.11341,0.29716,-0.58015,4.54198,0.72137
1,0.35815,-0.14432,-1.00010,0.41626,-0.14490,-1.00500,-1.29171,5.94711,1.82443,-0.65649,5.32061,1.26336
1,0.17793,-0.03798,-0.97602,0.18445,-0.06189,-0.98560,-0.75954,3.59542,0.04362,-0.81298,4.17176,0.81679
1,0.36014,-0.15104,-1.00870,0.38940,-0.16797,-1.00818,-0.71265,3.53980,0.11505,-0.56870,4.33969,0.65649
1,0.29778,-0.10238,-1.01208,0.24451,-0.10962,-0.99707,-0.03162,5.33642,1.94602,-0.25954,4.64122,0.84351
1,0.27070,-0.11768,-1.02049,0.19202,-0.10205,-1.00806,-0.53817,4.19411,0.41767,-0.09542,4.35115,0.74046
1,0.30045,-0.09152,-0.93255,0.36353,-0.11902,-0.91565,-0.27808,4.46565,1.08942,-0.69084,4.46565,1.03817
1,0.33105,-0.17456,-0.94908,0.34692,-0.14160,-0.95020,0.16285,4.50636,-0.39610,0.05344,4.10687,-0.25191
1,0.13379,-0.03059,-0.95417,0.10925,-0.06641,-0.93604,-1.07579,4.48255,2.86423,-0.69084,4.97710,2.05344
1,0.27794,-0.07675,-0.94277,0.21362,-0.10315,-0.99451,-0.30807,6.15158,1.29935,-0.21756,5.89313,0.87405
1,0.31147,-0.09985,-1.02178,0.32849,-0.10620,-1.01282,-0.27972,4.47437,2.35932,-1.01527,4.54580,1.37786
1,0.34117,-0.15824,-0.95612,0.34705,-0.12659,-0.97070,-0.30316,4.11287,0.28190,-0.72519,3.90458,0.71756
1,0.42191,-0.13647,-0.93345,0.43738,-0.12427,-0.93091,-0.24209,4.66412,0.75191,-0.77481,4.66412,0.46565
1,0.27604,-0.09609,-0.96047,0.20312,-0.10034,-0.98816,-0.48909,4.85333,1.58015,-0.38550,4.85115,1.66412
1,0.36729,-0.14920,-0.92308,0.45776,-0.13770,-1.00903,-1.57306,2.18539,0.78462,-2.19084,2.12595,1.11832
1,0.30259,-0.10536,-0.98540,0.29980,-0.06812,-0.98853,-1.04144,4.46292,0.96456,-0.77481,5.16031,0.99618
1,0.34684,-0.15669,-1.02581,0.38538,-0.15393,-1.01196,-1.23501,4.68975,0.41985,-0.62977,4.63359,0.72137
1,0.31845,-0.12760,-1.01892,0.41028,-0.12354,-1.00806,-1.73828,3.23119,1.40185,-1.67176,2.70992,1.09924
1,0.17306,-0.01767,-0.95579,0.19348,-0.04468,-0.97253,-0.99782,4.02944,1.46129,-1.23664,4.19847,0.98473
1,0.40843,-0.14457,-0.97410,0.40686,-0.13367,-0.98047,-0.58015,5.86914,0.00654,-0.83969,4.98473,0.46183
1,0.34570,-0.12074,-0.93987,0.37207,-0.11072,-0.98145,0.13195,5.79335,1.01091,-0.16794,5.81298,0.87405
1,0.32914,-0.14150,-0.98636,0.33643,-0.12610,-1.01990,-0.28081,5.55344,0.34024,-0.48855,4.70229,0.89313
1,0.32188,-0.14204,-1.02631,0.34265,-0.12866,-1.00769,-1.30153,5.31189,0.14995,-0.62977,4.63359,0.61069
1,0.30824,-0.15897,-0.95858,0.31458,-0.14099,-0.96973,-0.21156,4.34951,-0.01963,-0.87405,4.02672,0.39313
1,0.37068,-0.15224,-0.96849,0.38745,-0.15710,-0.98352,-0.76881,5.23391,0.45802,-0.40458,4.50000,0.96565
1,0.44545,-0.12868,-0.93602,0.45386,-0.13257,-0.90796,-0.46947,4.43239,0.80044,-0.70611,3.97710,0.88168
1,0.18506,-0.05080,-0.98669,0.18518,-0.06226,-0.99792,-1.07470,3.40567,-0.22410,-0.81298,4.17176,0.79008
2,0.21690,-0.17188,-1.00807,0.20715,-0.11792,-1.01782,-1.88877,4.68866,-6.63959,-1.69466,4.12214,0.58779
2,0.19186,-0.15527,-0.98875,0.18298,-0.09521,-0.96667,-0.06161,3.25082,-4.26718,-0.62977,3.97328,1.04580
2,0.19324,-0.21329,-1.01943,0.24609,-0.11340,-1.01575,-0.68157,3.07088,-6.43621,-0.21756,3.38168,1.94656
2,0.16450,-0.16162,-0.98083,0.16711,-0.12024,-0.94458,-0.29226,3.34406,-5.10687,-1.06870,3.59160,1.03053
2,0.22128,-0.16732,-0.96422,0.21521,-0.11084,-0.97144,-0.84624,3.36532,-4.57143,-1.23664,4.23664,0.45038
2,0.20051,-0.16378,-0.98413,0.21667,-0.11914,-0.98413,-0.46947,2.91985,-6.14340,-0.92748,3.27863,0.64504
2,0.18509,-0.18286,-0.94822,0.22327,-0.16479,-0.94312,-0.47710,2.41930,-6.44438,-1.11069,4.45038,0.95038
2,0.14328,-0.19320,-0.96024,0.14905,-0.10278,-0.95068,0.28462,3.43839,-9.00273,-0.59924,4.23282,1.68321
2,0.17838,-0.17643,-0.97853,0.23853,-0.08496,-0.95496,-0.79008,3.61723,-6.84569,-1.29389,5.12595,2.08779
2,0.18638,-0.24386,-0.95803,0.19617,-0.15076,-0.92957,0.28844,2.30971,-10.98800,-0.73282,3.00382,0.93511
2,0.21141,-0.18134,-0.97498,0.23596,-0.13501,-0.97888,0.20447,4.14231,-5.32606,-0.08397,4.23282,1.35115
2,0.17001,-0.20754,-0.99770,0.19873,-0.12964,-0.99622,-0.34733,4.12704,-9.58724,-0.67557,4.21756,0.46183
2,0.20705,-0.21878,-0.96615,0.19812,-0.11169,-0.96350,0.54962,1.11450,-8.74809,1.04962,2.02290,0.16031
2,0.20300,-0.18704,-1.00650,0.19214,-0.14490,-0.95764,0.80916,3.96851,-2.58492,-0.78626,4.20611,1.08015
2,0.19512,-0.18527,-0.95830,0.23755,-0.14343,-0.94312,-1.01854,1.91112,-5.78517,-1.21374,4.45038,0.50763
2,0.16738,-0.15841,-0.98434,0.19092,-0.10645,-0.99182,-0.06325,4.01745,-5.54308,-0.33588,4.11450,0.67557
2,0.18654,-0.19840,-0.95560,0.20093,-0.09131,-0.96521,0.59378,1.23010,-7.57470,-0.20611,1.80916,1.03817
2,0.17006,-0.08983,-0.98169,0.18152,-0.07483,-0.98975,-1.47819,4.48800,-1.48201,-0.77481,4.12214,0.78244
2,0.16849,-0.15759,-0.99011,0.19873,-0.10645,-0.99622,-0.02454,4.08451,-5.57361,-0.06489,4.24046,0.58779
2,0.20501,-0.19587,-0.97606,0.22302,-0.10913,-0.99280,-0.28844,3.70502,-5.17067,-0.79771,4.06107,1.17557
2,0.19660,-0.20724,-0.97764,0.25256,-0.10339,-0.97229,0.30643,2.15812,-7.64122,-0.40840,3.16031,1.40840
2,0.17482,-0.15243,-0.98760,0.17834,-0.11560,-0.96924,-0.21810,3.90785,-5.41603,-1.02290,4.22137,0.98092
2,0.15641,-0.20790,-0.99468,0.17578,-0.17761,-0.97644,0.02563,2.77426,-10.42966,-0.47328,3.28244,0.93511
2,0.15995,-0.21233,-1.02272,0.20056,-0.10913,-1.02637,0.55562,3.09160,-8.41221,0.06489,4.56107,0.48092
2,0.18169,-0.18856,-0.99442,0.21667,-0.13110,-0.99194,-0.88877,2.13304,-7.20065,-1.06489,2.98855,0.40840
2,0.22370,-0.17732,-0.97027,0.23779,-0.12793,-0.95398,-1.34079,2.71810,-7.03108,-1.27099,3.48473,1.14885
2,0.15391,-0.23514,-0.95871,0.21106,-0.13770,-0.96338,0.58124,3.72083,-6.87132,-0.03817,3.93893,0.96565
2,0.16340,-0.22098,-0.99510,0.14917,-0.14819,-0.99719,1.15921,3.03980,-8.33860,1.58397,3.53817,-0.32824
2,0.15177,-0.26559,-0.96933,0.16345,-0.14795,-0.97913,0.90567,0.09760,-13.26718,1.42748,0.22137,-0.69847
2,0.16002,-0.20651,-0.99362,0.20154,-0.14795,-0.99719,-0.11069,3.98364,-9.64776,0.20992,3.53817,-4.80153
2,0.17446,-0.25283,-0.97222,0.17395,-0.14795,-0.97913,0.89368,0.76772,-11.73064,1.42748,1.41985,-0.69847
2,0.14750,-0.23779,-0.95061,0.19482,-0.14905,-0.96338,1.08997,4.20611,-9.91385,0.02672,4.27099,-0.72901
2,0.16612,-0.23235,-0.95925,0.21106,-0.13770,-0.96338,0.48909,4.29880,-7.32061,-0.62977,4.08015,0.83969
2,0.15874,-0.21809,-1.00180,0.17969,-0.12903,-0.99377,0.67339,3.08124,-8.70992,-0.76336,4.08779,0.60687
2,0.24902,-0.11992,-0.97275,0.25659,-0.13281,-0.94238,0.56336,3.57252,3.09160,-1.07634,4.03053,3.74046
2,0.19836,-0.17899,-0.95539,0.26025,-0.13684,-0.94312,-1.17339,2.30862,-5.84515,-1.21374,4.48473,0.50763
2,0.14076,-0.24030,-1.01039,0.14758,-0.12146,-1.02039,0.56325,2.87296,-10.30643,0.06489,4.29771,0.48092
2,0.12444,-0.23042,-0.96573,0.14148,-0.13721,-0.97412,0.71483,4.20120,-8.01690,-0.33588,4.27099,0.64504
2,0.15871,-0.21791,-0.98600,0.20532,-0.11707,-0.98767,-0.62268,2.86805,-7.20011,-2.38550,4.48092,0.32061
2,0.17627,-0.19856,-0.96586,0.19470,-0.14392,-0.94116,0.74427,2.99673,-7.03217,-0.21756,3.20611,1.61450
2,0.16357,-0.21541,-1.00060,0.17188,-0.15698,-0.95337,0.31722,3.40034,-6.67854,-1.07634,4.03053,1.03817
2,0.14467,-0.19957,-0.95112,0.15320,-0.12695,-0.94971,-0.06434,2.80534,-9.78735,-1.02290,2.98855,0.27481
2,0.15897,-0.18579,-0.99779,0.17834,-0.12695,-0.98645,0.26881,3.28899,-7.32497,-0.41221,3.64122,0.27481
2,0.13782,-0.18370,-0.99193,0.12183,-0.11194,-0.99500,-0.64013,3.30862,-9.99291,-0.71756,2.93130,-4.80153
2,0.17819,-0.28350,-1.01547,0.21484,-0.24121,-1.01636,1.58015,3.42748,-13.82824,2.03053,3.59542,-15.67557
2,0.14836,-0.17375,-0.98340,0.15125,-0.14331,-0.94458,0.09033,3.14122,-6.44911,-1.06870,2.93893,0.98855
2,0.15962,-0.16933,-0.97201,0.19897,-0.11255,-0.99597,-0.14177,4.08015,-6.09487,-0.74809,4.37405,0.98092
2,0.17599,-0.24407,-0.94666,0.23328,-0.14551,-0.96814,0.77317,3.44275,-8.65976,-0.19084,4.44656,0.97328
2,0.13143,-0.26175,-0.97585,0.15161,-0.14026,-0.96338,1.16412,3.69793,-8.80207,0.37023,3.93893,0.68321
2,0.19734,-0.21683,-0.99867,0.20715,-0.13550,-1.00256,-0.23282,4.18266,-9.22737,-1.08779,3.85115,0.07634
2,0.16523,-0.24391,-0.97072,0.19617,-0.15076,-0.94019,0.30643,1.86914,-12.66903,-0.73282,1.95802,0.93511
2,0.22243,-0.18075,-0.95994,0.23206,-0.12793,-0.94019,-1.41003,1.98092,-7.32933,-1.27099,1.95802,0.48473
2,0.15731,-0.19754,-0.97243,0.19800,-0.16492,-0.98413,-0.65921,1.61887,-9.54362,-0.92748,2.81298,-0.47328
2,0.18607,-0.20747,-0.96805,0.19617,-0.15308,-0.94116,0.39640,2.74264,-6.87568,-0.47328,3.20611,1.61450
2,0.13944,-0.26456,-0.94967,0.16345,-0.14795,-0.96094,0.86314,-0.32061,-12.50763,1.42748,-0.73664,-0.69847
2,0.18216,-0.17986,-0.95912,0.19727,-0.11560,-0.97620,0.42039,3.61778,-5.58015,-0.26718,4.22137,1.12977
2,0.12659,-0.24372,-0.98762,0.11462,-0.17896,-0.99719,0.45311,3.12105,-12.76172,0.20992,2.94275,-9.02672
2,0.22152,-0.18881,-0.96713,0.28345,-0.16394,-0.95740,-0.02944,2.55671,-3.81407,-0.67176,3.32824,1.43893
2,0.15278,-0.22886,-1.00124,0.12195,-0.17896,-0.99719,1.42094,3.30207,-9.53053,1.58397,3.53817,-4.51527
2,0.18652,-0.21838,-0.97109,0.19556,-0.16394,-0.98059,-0.48037,3.94547,-6.18048,-0.67176,4.06870,1.17557
2,0.15904,-0.18119,-0.97677,0.17053,-0.09668,-0.95496,-0.21538,3.40403,-7.00000,-0.59924,5.12595,1.83969
2,0.20435,-0.18964,-0.96887,0.25183,-0.12170,-0.98645,0.66085,3.83097,-5.55234,-0.19084,4.43130,1.20229
2,0.17078,-0.20035,-0.97766,0.19800,-0.16492,-0.98438,-0.89804,1.73555,-8.87950,-0.92748,2.81298,-0.47328
2,0.17838,-0.23396,-0.98570,0.17383,-0.13098,-0.97144,-0.84406,3.89967,-10.71265,-0.74427,4.52290,-0.31679
2,0.13133,-0.20469,-0.99573,0.17993,-0.08545,-0.99219,0.66467,3.18539,-8.80480,-0.65649,4.08779,0.56489
2,0.19718,-0.21212,-0.96408,0.22766,-0.10437,-0.96594,0.88222,1.35333,-7.75845,1.04962,1.80916,0.16031
2,0.19299,-0.23450,-0.96490,0.19165,-0.15686,-0.93970,0.11341,2.71756,-11.56434,-0.08015,3.56107,-0.35878
2,0.18492,-0.17332,-0.96647,0.17749,-0.11084,-0.95386,-1.42203,3.64122,-6.40622,-1.23664,4.52290,0.25573
2,0.22545,-0.16839,-0.99196,0.24011,-0.11084,-0.97961,-2.22628,5.04253,-6.90785,-1.87786,4.73664,0.25573
2,0.15628,-0.17418,-0.98734,0.17883,-0.09802,-0.99243,-0.97001,3.49945,-9.33642,-0.91603,3.44656,-1.09160
2,0.18522,-0.15883,-0.97810,0.22266,-0.10645,-0.96765,-0.45692,4.35823,-5.53980,-0.44275,4.27099,0.67557
2,0.16518,-0.25773,-0.94906,0.18030,-0.16516,-0.94971,0.67557,1.77972,-11.54308,1.22137,2.67557,-0.35878
2,0.17177,-0.17348,-0.99114,0.23853,-0.09338,-0.99414,-0.72574,3.30807,-6.83915,-1.29389,4.11069,2.11832
2,0.16684,-0.18565,-1.01753,0.20056,-0.09802,-1.02039,0.48364,3.36859,-6.40403,0.06489,4.56107,0.66412
2,0.21913,-0.19856,-0.96055,0.20911,-0.13367,-0.93970,-0.45093,2.90294,-8.65158,-1.18321,4.06107,0.33206
2,0.19561,-0.18544,-0.96097,0.22815,-0.11560,-0.97705,0.44002,3.76336,-5.67339,-0.26718,4.52290,1.09542
2,0.18089,-0.19475,-0.99930,0.23584,-0.09802,-0.98157,0.20502,3.07852,-6.48637,-0.34733,4.29771,0.66412
2,0.16216,-0.21068,-1.01603,0.14917,-0.14819,-1.00269,1.75082,3.50164,-8.18539,2.49618,3.53817,-0.32824
2,0.19196,-0.17691,-0.97531,0.23596,-0.13501,-0.97388,0.38168,4.25354,-5.77972,-0.19084,4.84351,1.26336
2,0.19512,-0.17732,-0.96270,0.23755,-0.12939,-0.95203,-1.10142,1.82170,-5.72846,-1.50382,3.82443,0.50763
2,0.16893,-0.17970,-0.97356,0.19897,-0.13538,-0.99548,-0.40458,3.44384,-5.80425,-0.83588,3.68321,1.68321
2,0.17868,-0.16330,-0.99669,0.18750,-0.13074,-0.94971,-0.60469,3.45420,-5.01363,-1.20229,3.59160,1.03053
2,0.20923,-0.21247,-1.01350,0.27820,-0.11145,-0.99036,-0.49128,3.11996,-6.57797,-0.40458,3.16031,1.83969
2,0.16289,-0.23455,-0.98082,0.22070,-0.11145,-0.97229,-0.07034,2.52454,-10.99128,-0.40840,3.01145,0.18702
2,0.15123,-0.21633,-0.95710,0.15356,-0.14392,-0.95911,0.09106,3.14068,-8.60196,-0.47328,3.28244,1.42748
2,0.21640,-0.16609,-0.99123,0.25916,-0.10913,-0.98926,0.07961,4.10087,-4.57306,-0.22137,4.56107,2.40840
2,0.10470,-0.28489,-0.99411,0.07922,-0.18298,-0.97412,2.21483,2.77099,-11.34297,2.72901,3.76336,-1.37023
2,0.17351,-0.21953,-0.96868,0.21008,-0.16394,-0.95996,0.44602,2.71320,-6.62650,-0.67176,3.64885,1.25191
2,0.10036,-0.30258,-0.97468,0.07922,-0.15222,-0.96338,1.89913,2.44656,-12.30207,1.75191,2.47328,-0.79771
2,0.14192,-0.19221,-0.98730,0.12183,-0.11194,-0.99243,-0.59869,3.13795,-11.12486,-0.71756,2.70229,-6.54580
2,0.21776,-0.20789,-0.95119,0.22327,-0.16479,-0.94312,0.34569,3.17775,-8.01418,-0.82061,4.45038,0.95038
2,0.14961,-0.21371,-1.00014,0.17969,-0.11438,-0.99377,0.73010,3.06925,-8.72301,-0.65649,4.08779,0.56489
2,0.17083,-0.22658,-1.00159,0.24451,-0.11377,-0.99646,0.74155,3.07197,-7.88004,0.44275,3.86260,1.94656
2,0.15257,-0.16577,-0.98498,0.16235,-0.13281,-0.94604,0.00763,3.26952,-5.87434,-1.06107,3.15267,1.02290
2,0.16467,-0.17709,-0.98948,0.13074,-0.12073,-0.99036,0.43948,3.55616,-7.84842,0.13359,3.92748,0.29389
2,0.11522,-0.27363,-1.00378,0.04468,-0.21973,-0.99719,0.96238,3.46838,-13.53653,1.58397,3.53817,-9.02672
2,0.20932,-0.17582,-0.97792,0.23596,-0.13208,-0.98547,0.20829,4.20338,-5.28953,-0.05725,4.30916,1.35115
2,0.19939,-0.16002,-1.00827,0.20056,-0.10913,-1.01062,-0.04308,5.09978,-5.19520,-0.22137,5.16794,0.66412
2,0.21095,-0.18246,-0.99967,0.20715,-0.13257,-1.00256,-1.04308,4.04144,-7.28571,-1.40076,3.85115,0.58779
2,0.14017,-0.18984,-0.98736,0.12183,-0.12390,-0.99500,-0.56761,3.97056,-9.01472,-0.71756,3.44656,-1.09160
2,0.20515,-0.19298,-0.95799,0.25183,-0.12695,-0.97705,0.65921,4.29008,-5.65213,-0.19084,4.78244,1.20229
2,0.21327,-0.18858,-0.96851,0.28345,-0.16235,-0.95740,-0.02236,3.01472,-4.02944,-0.67176,3.64885,1.43893
2,0.26181,-0.18216,-0.95405,0.28406,-0.12720,-0.94238,0.24537,3.64995,-4.33424,-0.64122,4.48473,0.95038
2,0.18870,-0.18293,-0.98800,0.19360,-0.14392,-0.97644,0.02345,3.39477,-7.56270,-0.47328,3.62214,0.97710
2,0.18044,-0.16867,-0.98190,0.18750,-0.14331,-0.94458,-0.47819,3.23282,-4.77590,-1.06870,2.98855,1.03053
2,0.17376,-0.15522,-0.99255,0.17834,-0.11560,-0.96924,0.09215,3.85769,-5.30807,-1.02290,4.08015,1.03053
2,0.16764,-0.25162,-0.96415,0.19556,-0.21313,-0.95996,0.13631,3.62814,-9.43784,-0.67176,4.06870,0.60305
2,0.19488,-0.19932,-0.96284,0.19617,-0.13171,-0.92957,-0.71592,2.91003,-8.59051,-1.01145,3.22901,0.93511
2,0.20647,-0.20768,-0.95372,0.29553,-0.10339,-0.97046,0.74482,2.43893,-7.46347,-0.23282,3.16031,1.40840
2,0.19413,-0.21000,-1.01779,0.24609,-0.10510,-1.01575,-0.86423,2.89477,-6.32170,-0.82061,2.69084,2.00000
2,0.14608,-0.19557,-0.96401,0.14905,-0.14978,-0.97107,0.26936,4.09815,-7.64177,-0.59924,4.46183,0.98092
2,0.15962,-0.23568,-0.99817,0.24451,-0.11377,-0.99646,0.48855,2.38386,-9.41439,0.44275,2.22137,1.94656
2,0.17569,-0.18225,-0.97831,0.22363,-0.12402,-0.98462,-1.02072,2.12268,-6.70229,-1.11450,3.85878,0.40840
2,0.17648,-0.18931,-0.99988,0.21448,-0.08618,-0.98767,-0.71320,3.02563,-6.46565,-2.38550,4.64122,0.48473
2,0.20541,-0.16527,-0.99592,0.21228,-0.13110,-0.98511,0.29880,3.21483,-5.92094,-0.41603,3.27863,0.97710
2,0.20764,-0.20480,-0.96252,0.29199,-0.09131,-0.97046,0.31788,2.44875,-7.28135,-0.23282,3.53435,1.77863
2,0.11708,-0.23528,-1.00010,0.07922,-0.15759,-1.00134,1.78462,2.36532,-8.66085,1.58397,3.02290,-1.37023
2,0.13229,-0.25994,-0.98839,0.19739,-0.18091,-0.98767,1.09269,2.53599,-12.81298,0.23282,3.68321,-3.09160
2,0.16950,-0.16150,-0.99132,0.18848,-0.10779,-0.98950,-0.90294,3.56816,-6.59106,-0.91603,2.77099,-0.07634
2,0.13890,-0.19221,-0.99988,0.17993,-0.08020,-0.99377,0.25300,3.79607,-8.12595,-0.72519,4.09542,0.72901
2,0.18103,-0.23373,-0.94920,0.23584,-0.13770,-0.95081,0.53817,4.28626,-7.10305,-0.62977,3.99237,0.96565
2,0.22450,-0.18870,-0.96333,0.23779,-0.15076,-0.94922,-1.25954,2.34242,-7.08179,-1.27099,3.05725,1.14885
2,0.18893,-0.22925,-1.00288,0.21484,-0.13550,-1.00256,0.44875,3.30044,-10.15431,-1.05344,3.59542,-3.54198
2,0.22482,-0.16970,-0.99805,0.24011,-0.11780,-1.00256,-2.34787,4.94111,-6.88222,-1.87786,4.52290,0.25573
2,0.10167,-0.30954,-0.98340,0.07922,-0.19836,-0.97412,2.44984,2.02236,-13.06870,3.35878,2.32824,-5.88168
2,0.15487,-0.19852,-0.98635,0.19897,-0.11707,-0.98486,0.18157,3.26390,-9.29826,-1.33206,3.68321,0.20229
2,0.17200,-0.17763,-0.98539,0.23853,-0.09338,-0.97864,-0.55234,3.39640,-6.94493,-1.29389,4.64885,2.00000
2,0.17936,-0.19606,-0.98975,0.21448,-0.08618,-0.98767,-1.05671,2.98746,-6.48201,-2.50000,4.48092,0.48473
2,0.23157,-0.17078,-0.96723,0.23682,-0.11084,-0.97144,-0.78680,3.40131,-4.48691,-0.87405,4.48855,0.54198
2,0.18187,-0.18839,-0.99384,0.25073,-0.10510,-0.99036,0.14558,3.45202,-6.96456,0.33206,4.11069,1.94656
2,0.15918,-0.17139,-0.97363,0.19897,-0.11255,-0.99597,-0.14177,3.68321,-5.84024,-0.74809,3.68321,1.68321
2,0.16411,-0.19242,-1.00239,0.19946,-0.11926,-1.01062,0.17612,3.86641,-7.16630,0.06489,4.56107,0.48092
2,0.15887,-0.18565,-0.99179,0.13074,-0.12427,-0.98950,0.40840,3.35605,-8.37186,0.13359,3.55725,-1.09160
2,0.19615,-0.16028,-0.98736,0.21228,-0.12512,-0.97754,-0.18648,3.23391,-5.92366,-0.87405,3.27863,0.97710
2,0.19741,-0.17085,-0.98678,0.24939,-0.12964,-0.99805,-0.59051,4.95147,-5.32988,-0.33588,5.20992,1.10305
2,0.20961,-0.16750,-0.99998,0.21228,-0.13110,-0.98511,-0.07197,3.34242,-5.73010,-0.42748,3.62214,1.43893
2,0.26374,-0.18236,-0.95124,0.28406,-0.12720,-0.94238,0.16848,3.65049,-4.43075,-0.64122,4.48855,0.73664
2,0.18985,-0.21835,-0.94632,0.18701,-0.14087,-0.94971,1.24809,1.44384,-7.57743,1.45038,2.02290,0.21756
2,0.20367,-0.19934,-0.94842,0.25183,-0.13196,-0.96814,0.70120,4.34188,-5.61887,-0.19084,4.84351,1.26336
2,0.20813,-0.21200,-0.94796,0.25183,-0.13501,-0.96814,0.88986,3.89204,-6.11614,-0.19084,4.78244,0.97328
2,0.16830,-0.19296,-1.01121,0.20056,-0.09802,-1.00281,0.32661,3.41494,-6.36314,-0.34733,4.56107,0.66412
2,0.12064,-0.26726,-0.98711,0.19739,-0.18091,-0.98767,0.80425,1.66903,-12.74809,0.23282,3.68321,-3.09160
2,0.22252,-0.17451,-0.96469,0.28345,-0.12439,-0.95740,0.09869,3.01145,-3.75027,-0.41603,3.71756,1.43893
2,0.24713,-0.10754,-0.98438,0.24414,-0.10303,-0.95764,-1.05725,3.45802,3.60496,-1.20229,3.55344,3.91985
2,0.19550,-0.18012,-1.00042,0.22302,-0.11133,-1.00037,-0.83642,4.28081,-5.37623,-0.67557,4.21756,1.46183
2,0.19087,-0.21167,-1.00058,0.22070,-0.11145,-0.98071,-0.47383,3.31025,-6.83806,-0.23282,3.01145,1.43893
2,0.16251,-0.22525,-0.97262,0.19617,-0.15076,-0.94019,-0.21865,2.55453,-11.70393,-0.88550,2.36641,0.93511
2,0.21381,-0.16622,-1.00827,0.25806,-0.10913,-0.99707,0.34406,4.04635,-4.96129,0.13359,4.29771,1.34733
2,0.21291,-0.16268,-1.02352,0.25806,-0.10913,-1.01660,0.35769,4.57034,-5.07252,0.13359,4.56107,1.34733
2,0.18094,-0.15864,-0.99297,0.20154,-0.09802,-0.99243,-1.30425,4.03217,-6.94547,-1.37023,3.81679,-0.40840
2,0.20543,-0.19022,-1.00786,0.24500,-0.11133,-1.01428,-1.13850,3.96238,-5.22410,-0.86260,4.02672,1.46183
2,0.14936,-0.28305,-0.95689,0.16321,-0.23132,-0.95996,0.50436,2.84297,-11.41767,-0.67176,3.64885,0.50382
2,0.16657,-0.21661,-0.99977,0.17993,-0.12903,-0.98999,0.37459,3.05507,-8.57361,-0.93130,3.90458,0.78626
2,0.26020,-0.18075,-0.94986,0.28406,-0.12402,-0.94238,-0.06434,3.68920,-4.45856,-0.64122,4.52290,0.54198
2,0.15658,-0.17815,-0.98882,0.18213,-0.12073,-0.98950,-0.76009,3.70938,-8.13195,-0.43130,3.55725,-1.09160
2,0.20476,-0.21057,-1.01252,0.27820,-0.11145,-0.99036,-0.49945,3.49019,-6.54907,-0.40458,3.16031,1.83969
2,0.20515,-0.18755,-0.97236,0.25183,-0.12170,-0.98767,0.58833,3.97437,-5.74700,-0.19084,4.78244,1.20229
2,0.16886,-0.26289,-0.96892,0.18030,-0.16516,-0.95227,0.74973,2.09433,-12.65376,1.22137,2.67557,-0.35878
2,0.20011,-0.16113,-0.97993,0.18298,-0.10681,-0.96301,0.02672,3.11559,-4.25573,-0.53817,3.97328,1.04580
2,0.18527,-0.17285,-0.94842,0.23242,-0.13684,-0.94312,-1.32770,2.31897,-5.79989,-1.21374,4.48473,0.91603
2,0.20194,-0.20004,-0.96804,0.23938,-0.14270,-0.93726,0.11941,2.60360,-6.47110,-0.59160,3.00382,2.04962
2,0.14108,-0.23272,-0.96449,0.15356,-0.17761,-0.95911,0.81243,2.31788,-11.15049,-0.18321,3.20611,0.93511
2,0.18040,-0.18126,-0.96730,0.21448,-0.13538,-0.97864,-0.61396,3.61178,-5.70720,-1.98855,3.68321,1.68321
2,0.19346,-0.20360,-0.96599,0.23938,-0.14270,-0.93726,0.03544,2.76718,-6.71429,-0.59160,3.20611,1.76336
2,0.23153,-0.17528,-0.96544,0.24304,-0.11194,-0.95227,-0.78517,2.83097,-7.00164,-1.18321,3.78244,1.14885
2,0.22667,-0.17402,-0.96500,0.23779,-0.10596,-0.94922,-0.97928,2.76063,-6.96892,-1.18321,3.78244,1.14885
2,0.18975,-0.20501,-0.97871,0.19873,-0.12280,-0.99280,-0.64068,3.99618,-5.29335,-0.79771,4.06870,1.17557
2,0.19128,-0.15416,-0.98314,0.21875,-0.12207,-0.96960,-0.00436,3.37786,-5.56979,-0.08397,3.65267,1.04580
2,0.19536,-0.17208,-0.97721,0.23596,-0.12671,-0.98535,0.10905,4.33152,-5.56870,-0.34733,4.69466,1.08397
2,0.24327,-0.20009,-0.95108,0.26025,-0.13684,-0.94238,0.51636,3.16903,-6.11832,-0.13359,4.45038,0.95038
2,0.19514,-0.19327,-0.95668,0.23938,-0.13000,-0.93726,-0.02999,2.65049,-6.52508,-0.73282,3.00382,1.86260
2,0.18820,-0.23483,-0.99320,0.18042,-0.13098,-0.98779,-1.01908,4.03217,-11.58615,-0.74427,4.52290,-0.31679
2,0.21315,-0.20544,-0.96050,0.29553,-0.09546,-0.97046,0.54417,2.39531,-7.36750,-0.23282,3.16031,1.72519
2,0.18785,-0.19442,-0.95007,0.23938,-0.13806,-0.92773,-0.53599,2.73937,-8.55725,-0.88550,3.00382,1.61450
2,0.16242,-0.23825,-0.95360,0.21106,-0.14026,-0.96338,0.89258,3.96510,-7.15976,-0.03817,3.93893,0.96565
2,0.11407,-0.22358,-0.96784,0.10693,-0.14978,-0.97107,0.97056,4.24264,-10.66194,0.25954,5.24427,0.98092
2,0.11393,-0.24806,-0.99881,0.07922,-0.15759,-0.99231,1.69411,2.98800,-9.23937,1.58397,3.76336,-1.37023
2,0.18005,-0.20293,-0.96272,0.17749,-0.12341,-0.95386,-1.17884,3.33315,-8.48419,-1.10687,4.23664,-0.02290
2,0.20858,-0.15866,-0.98708,0.21667,-0.11914,-0.98413,-0.16249,3.55453,-5.94820,-0.87405,4.09160,0.78626
2,0.14699,-0.16875,-0.97616,0.15198,-0.08496,-0.95496,-0.48800,3.27644,-6.90785,-1.29389,4.23282,1.95802
2,0.17763,-0.17196,-0.96455,0.19897,-0.11255,-0.96252,-0.17884,3.51690,-5.71210,-1.33206,3.68321,1.04198
2,0.19310,-0.23687,-0.96312,0.19165,-0.16516,-0.95325,0.40567,2.85442,-8.94984,1.22137,3.56107,-0.35878
2,0.17292,-0.24285,-0.98591,0.22070,-0.11145,-0.97229,-0.00654,3.27426,-9.35278,-0.40840,3.01145,0.18702
2,0.18471,-0.18399,-0.99163,0.26440,-0.10510,-0.99036,0.01581,3.54907,-6.76281,-0.42748,4.11069,2.00000
2,0.20394,-0.18598,-0.95837,0.26025,-0.16479,-0.95203,-0.91058,2.32770,-5.73773,-1.21374,4.48473,0.91603
2,0.17189,-0.17194,-0.98778,0.23853,-0.09338,-0.99036,-0.16303,3.41549,-6.74264,-0.42748,4.11069,2.11832
2,0.20091,-0.15285,-1.02546,0.20056,-0.09802,-1.02551,0.15213,4.74264,-5.09760,0.13359,4.56107,1.34733
2,0.14291,-0.20044,-0.98839,0.17761,-0.12207,-0.96667,0.53762,2.20720,-10.40894,-0.08397,3.30153,0.93511
2,0.10233,-0.23915,-0.95933,0.10693,-0.14978,-0.94824,1.37132,3.67666,-13.10142,0.25954,4.42748,0.98092
2,0.23006,-0.10885,-0.95707,0.21423,-0.10303,-0.93689,-0.15267,4.23664,2.73282,-1.20229,4.20611,2.43130
2,0.10348,-0.24824,-0.99069,0.04468,-0.17896,-0.96008,2.21538,2.13850,-10.48964,2.49618,3.02290,-4.51527
2,0.16950,-0.16364,-1.00450,0.18848,-0.11194,-0.99158,-1.02181,3.24482,-6.76609,-1.27863,2.77099,-0.21374
2,0.13599,-0.21312,-0.97827,0.14685,-0.12695,-0.96924,0.17666,2.68484,-10.00382,-1.02290,2.98855,0.27481
2,0.18466,-0.17446,-0.96083,0.21448,-0.11255,-0.95703,-0.10960,3.60796,-5.84678,-0.96183,3.68321,1.04198
2,0.16928,-0.19763,-0.98521,0.19189,-0.13000,-0.95911,0.66848,3.40567,-7.01145,-0.18321,3.28244,1.59924
2,0.15594,-0.18952,-0.98706,0.16235,-0.15381,-0.94604,0.19500,3.14018,-7.26024,-1.07634,2.72519,0.93893
2,0.19298,-0.17027,-0.98279,0.23596,-0.12671,-0.99023,0.33915,4.32661,-5.54962,-0.19084,4.84351,1.26336
2,0.22074,-0.16762,-0.99958,0.24011,-0.10388,-1.00256,-2.43893,4.83370,-6.83860,-2.15267,4.38168,0.35496
2,0.20684,-0.19695,-0.97775,0.24500,-0.12146,-0.99414,-0.44984,3.33097,-4.86205,-0.86260,3.53817,1.75573
2,0.19432,-0.19809,-0.99693,0.27197,-0.10913,-0.98157,-0.13304,3.13195,-6.24100,-1.33206,4.51527,1.56107
3,0.23617,0.02631,-0.95473,0.23096,-0.08362,-0.96008,-1.59160,3.76499,8.88822,-0.71756,3.25954,1.04962
3,0.24904,-0.01287,-1.01892,0.26709,-0.10547,-1.01404,-1.78353,3.64940,8.82770,-0.92748,3.85496,1.23664
3,0.33543,0.01074,-1.01447,0.31567,-0.09607,-1.05493,-2.47110,4.95365,10.84787,-1.82824,4.26718,0.78244
3,0.24023,0.04897,-0.99547,0.26270,-0.01172,-1.00134,-3.06216,4.92475,11.43893,-2.23664,4.32061,3.01908
3,0.21892,0.07014,-0.98821,0.28296,-0.04297,-0.98950,-1.92530,5.88168,9.36369,-1.16031,4.45802,4.47710
3,0.28725,0.03850,-1.03542,0.29724,-0.05957,-1.02527,-1.49673,4.02399,10.24864,-1.26336,4.74046,0.99237
3,0.22259,-0.00485,-0.96399,0.21582,-0.10779,-0.95728,-2.78244,3.29553,9.12759,-0.64504,4.09160,1.51527
3,0.29133,-0.01627,-0.98797,0.30139,-0.09998,-0.98340,-1.92039,4.15649,9.21374,-1.01527,3.96947,1.07252
3,0.28866,0.04292,-0.99480,0.29724,-0.06531,-1.00562,-1.98691,3.47437,10.41003,-1.89695,3.64504,1.62214
3,0.27147,0.00330,-0.98258,0.27490,-0.07727,-0.99536,-2.78899,4.72574,8.59924,-1.91985,4.40840,1.40076
3,0.26852,-0.11305,-0.92074,0.23291,-0.11011,-0.95947,-0.31570,3.51854,0.84842,-0.94656,3.73664,1.05344
3,0.30448,0.02867,-1.05233,0.33984,-0.09607,-1.04431,-2.70720,4.52290,10.95038,-2.91985,4.46947,0.87023
3,0.20736,0.04253,-0.97187,0.25073,-0.04297,-0.96252,-2.57961,5.73828,8.75245,-1.16031,4.45802,3.82443
3,0.23725,0.07005,-0.97156,0.25122,-0.01172,-0.99878,-2.84242,4.50763,11.66249,-2.23664,3.61832,3.01908
3,0.22982,-0.09926,-0.91929,0.18127,-0.06677,-0.96790,-0.64449,3.42966,0.66521,-0.91985,3.85115,0.99237
3,0.24883,0.04395,-0.95714,0.26758,-0.00476,-0.92688,-3.19302,4.01581,10.35551,-3.35115,4.72137,4.01145
3,0.23901,0.03210,-0.95285,0.20947,-0.01440,-0.95044,-2.31570,5.27863,10.30534,-2.01527,5.08015,5.01145
3,0.24301,0.00940,-0.95884,0.21606,-0.00269,-0.94995,-1.08724,4.45856,9.64940,-0.72519,4.91603,4.27863
3,0.34045,-0.11168,-0.98218,0.39124,-0.10547,-0.98865,-0.57088,4.19575,0.66358,-0.57252,4.16794,0.94656
3,0.24219,0.02722,-0.96432,0.21960,-0.01440,-0.95044,-2.30916,5.13850,10.16467,-2.01527,5.08015,5.01145
3,0.21657,0.02862,-0.96481,0.26074,-0.06958,-0.95691,-1.60960,5.13304,8.28517,-0.48092,4.32061,1.22137
3,0.25187,-0.00105,-0.96439,0.29126,-0.09192,-0.96826,-2.49509,4.32824,8.59487,-2.80534,4.46565,1.37023
3,0.22897,0.00148,-0.95299,0.21582,-0.09534,-0.92188,-2.16739,3.03544,9.01636,-0.45038,3.43511,1.51145
3,0.22623,-0.00003,-0.95754,0.21582,-0.09534,-0.94153,-2.12704,3.11941,8.94766,-0.17176,3.92366,1.51145
3,0.17550,-0.04907,-0.99257,0.17749,-0.05029,-0.99377,-0.77099,4.10960,0.89149,-0.80153,4.13740,0.88931
3,0.23809,0.01594,-0.96669,0.23096,-0.10754,-0.97668,-1.91112,2.54635,8.75191,-1.30153,2.38550,0.93893
3,0.18377,-0.06339,-0.97025,0.17896,-0.05164,-0.99170,-0.72028,3.50600,0.61341,-0.91985,4.07252,0.87023
3,0.22348,-0.00084,-0.95932,0.21582,-0.09534,-0.94312,-2.44002,2.97546,9.07470,-0.64504,3.33588,1.51527
3,0.28050,0.02485,-0.99320,0.30151,-0.09790,-1.00098,-2.42148,5.21047,11.21047,-2.29008,5.35878,2.61832
3,0.27304,0.08664,-1.00563,0.28491,0.00574,-1.00000,-2.18103,5.78135,11.74264,-1.64885,4.36641,5.54580
3,0.28449,0.04011,-0.90810,0.30981,-0.04639,-0.94482,-4.22574,5.19466,11.49891,-2.81679,4.98092,3.08779
3,0.18019,-0.05491,-0.99269,0.17810,-0.05298,-0.99377,-0.73773,4.10960,0.85605,-0.77863,4.15267,0.87023
3,0.34801,-0.12352,-0.97046,0.39124,-0.12134,-0.98218,0.08397,4.07579,0.71210,-0.57252,4.26718,0.94656
3,0.22110,0.03360,-0.95848,0.21680,-0.04297,-0.93140,-1.96892,2.79826,10.37841,-0.70229,3.77863,3.01527
3,0.27326,0.08984,-0.97034,0.28223,-0.06531,-0.93481,-2.73446,1.86314,12.15104,-1.45038,1.93130,1.62214
3,0.25755,0.04063,-0.98788,0.27905,-0.04639,-1.00330,-1.83860,4.09269,10.31407,-1.70992,3.86641,2.18321
3,0.23178,0.06970,-0.95020,0.21399,-0.08789,-0.95056,-1.18157,2.35605,11.37077,-0.44275,1.94275,1.64504
3,0.26789,0.03727,-0.98792,0.24707,-0.07324,-1.00525,-2.96456,3.93730,11.01636,-1.55344,4.06107,1.44656
3,0.26193,0.00415,-0.95959,0.27637,-0.09998,-0.96716,-1.76827,3.55780,8.67775,-1.07252,3.59924,1.07252
3,0.21275,-0.02356,-1.00445,0.20276,-0.10522,-1.00049,-0.42039,4.25191,10.42966,-0.16412,4.53053,1.81679
3,0.26854,0.00706,-1.00645,0.25574,-0.08630,-1.00891,-3.67448,5.52999,9.14667,-2.00382,4.90840,2.32443
3,0.25274,-0.00279,-0.96507,0.29126,-0.10413,-0.97290,-2.51254,4.26281,8.56652,-2.80534,4.45420,1.37023
3,0.25162,-0.01848,-0.93998,0.22522,-0.05090,-0.95044,-1.79880,5.26172,5.26554,-1.62977,4.99618,2.46183
3,0.33990,-0.13745,-0.97852,0.35071,-0.13904,-1.00122,-0.32061,4.44847,0.53053,-0.22137,3.01908,0.23664
3,0.21716,-0.08808,-0.92081,0.17993,-0.05847,-0.97852,-0.82552,3.58833,0.59106,-0.94275,3.92366,0.85115
3,0.25080,0.04065,-0.98572,0.27905,-0.04626,-1.00330,-1.49073,3.81080,10.43839,-1.04580,3.86641,3.05344
3,0.25103,-0.00138,-0.96737,0.29126,-0.10413,-0.98560,-2.51908,4.34406,8.52999,-2.80534,4.46183,1.20229
3,0.27089,-0.00017,-0.97189,0.29126,-0.10413,-0.99121,-2.46674,5.14122,8.33261,-2.28626,4.46183,1.03435
3,0.24372,0.02890,-0.96465,0.21960,-0.00269,-0.95044,-2.03762,5.44656,10.04580,-1.97328,5.08015,5.01145
3,0.27651,-0.01943,-0.96090,0.28223,-0.08679,-0.96863,-2.02181,4.34678,7.86587,-0.72137,4.37405,1.39313
3,0.21402,-0.00289,-0.97355,0.19666,-0.09204,-0.96411,-2.15267,2.46183,9.88659,-0.55725,3.29008,1.51145
3,0.25497,0.07774,-0.99627,0.27515,0.03052,-0.97498,-1.62105,5.43839,14.08670,-0.99618,4.83206,9.72137
3,0.25286,-0.03444,-1.00357,0.27905,-0.09338,-0.98621,0.45856,4.47874,7.83370,0.14122,4.18702,1.42748
3,0.26447,0.03428,-1.00429,0.26904,-0.03406,-1.01404,-1.66303,4.54362,9.56652,-0.92748,4.20229,1.58779
3,0.32734,-0.16589,-0.97360,0.30920,-0.16919,-0.99878,-0.17993,3.17775,0.47001,-0.07634,4.16031,0.06107
3,0.23701,-0.01948,-1.00846,0.22485,-0.10156,-1.01575,-1.39804,4.65540,10.45747,-0.92366,4.79771,3.60305
3,0.29368,0.03795,-1.00262,0.29724,-0.07471,-1.00562,-2.05616,3.74100,10.47983,-1.89695,4.17939,1.62214
3,0.26212,0.00797,-1.00096,0.23999,-0.07788,-1.00305,-3.84515,5.54253,9.16358,-2.00382,4.90840,2.32443
3,0.33672,0.01376,-1.01683,0.32471,-0.09607,-1.05493,-2.13850,4.91712,10.89640,-1.80534,4.26718,0.78244
3,0.23812,0.02335,-0.96043,0.23096,-0.09497,-0.97668,-1.74209,3.28026,8.77099,-1.30153,2.77481,1.04962
3,0.29203,-0.01880,-0.98917,0.30139,-0.11267,-0.99182,-1.91439,4.27045,9.16739,-1.01527,4.02672,0.87405
3,0.30791,-0.10681,-0.97133,0.31030,-0.15479,-0.96021,-2.18157,3.39804,4.94929,-1.50763,3.12595,1.15267
3,0.19847,0.05763,-0.93157,0.19727,-0.03625,-0.94312,-3.44438,3.52508,10.95311,-1.69847,3.36641,1.95802
3,0.27966,0.07028,-1.00807,0.28918,-0.04419,-1.00000,-2.24864,5.66957,11.83915,-1.64885,4.36641,5.54580
3,0.21383,0.04398,-0.94674,0.21680,-0.00476,-0.93140,-2.11069,2.67394,10.63631,-0.91603,3.77863,4.01145
3,0.18372,-0.05751,-0.98446,0.17883,-0.05029,-0.99170,-0.69629,3.71810,0.67721,-0.85496,4.12214,0.87023
3,0.30718,-0.09513,-0.98980,0.31531,-0.08008,-0.99146,-0.80643,4.50709,0.98092,-0.67939,4.16794,0.90840
3,0.25150,0.07497,-0.96727,0.26575,-0.01172,-0.98157,-2.85932,4.75463,11.88604,-2.23664,4.32061,3.56107
3,0.29422,0.03823,-1.00783,0.29724,-0.07471,-1.00562,-1.70011,3.63740,10.47710,-1.56107,4.17939,1.62214
3,0.23866,0.01318,-0.96544,0.24951,-0.09192,-0.96826,-2.13032,3.75191,8.94656,-1.96565,4.41603,1.37023
3,0.23535,0.01981,-1.00377,0.24658,-0.04431,-1.01575,-2.42530,4.39422,11.61123,-1.50382,4.66412,5.38550
3,0.21558,-0.06979,-0.98478,0.17883,-0.05481,-0.99146,-0.73555,4.32116,0.92148,-0.77863,4.15267,0.88550
3,0.22349,0.00044,-0.96015,0.19666,-0.09204,-0.94153,-2.00273,3.02072,8.90622,-0.36260,3.77863,1.51145
3,0.30437,-0.01873,-0.97656,0.31677,-0.08667,-0.96863,-1.84460,4.97437,8.50109,-0.89695,5.06870,2.09924
3,0.28371,0.01772,-0.94786,0.28271,-0.10413,-0.94006,-1.18593,4.39422,7.87241,-0.97328,4.27099,1.03435
3,0.29902,-0.02258,-0.95415,0.29749,-0.09619,-0.93494,-1.87241,4.57743,7.90458,-0.63359,5.00000,1.39313
3,0.21071,0.02633,-0.96969,0.25073,-0.09094,-0.96252,-1.81407,5.58015,8.19684,-0.65649,4.45802,1.15649
3,0.25085,0.06726,-0.96577,0.26758,-0.00476,-0.95874,-2.20011,3.85987,11.48746,-1.76336,4.08779,4.01145
3,0.29865,0.05287,-0.93094,0.30981,0.01477,-0.92773,-4.23501,4.57361,10.40785,-3.06870,4.80534,2.12977
3,0.35638,-0.00642,-0.98945,0.33435,-0.12463,-0.96814,-2.64722,4.01309,11.67176,-1.50763,3.88931,3.35115
3,0.25668,-0.01676,-1.01409,0.28784,-0.10547,-1.01404,-2.13795,4.25573,9.01418,-0.92748,3.85496,1.23664
3,0.31824,-0.18251,-0.97471,0.30298,-0.16052,-0.96838,-1.42039,3.10251,0.96129,-1.12977,3.12595,0.60305
3,0.24973,-0.07444,-0.98540,0.26807,-0.11353,-0.99829,-1.05135,3.91811,2.80500,-0.66412,2.83206,0.45038
3,0.29436,-0.10252,-0.95190,0.33594,-0.11938,-0.95691,-0.25682,4.60960,1.60033,0.35115,4.53817,1.58779
3,0.25305,0.00746,-0.98082,0.23999,-0.08679,-1.00305,-4.07688,5.28299,8.87950,-2.93130,4.58015,1.83588
3,0.21842,0.02930,-0.97768,0.26074,-0.06958,-0.96252,-1.66194,5.06052,8.27426,-0.48092,4.32061,1.44275
3,0.23514,0.01357,-0.94688,0.21533,-0.00269,-0.94214,-1.46510,4.51799,9.71701,-0.92748,4.99618,4.27863
3,0.23875,-0.02007,-1.01948,0.22485,-0.10156,-1.01575,-1.00763,4.98310,10.74646,-0.51145,4.79771,3.60305
3,0.24648,0.02351,-0.96906,0.24744,-0.09619,-0.99756,-1.91821,3.82715,8.76172,-1.14504,2.96183,0.83206
3,0.21779,0.05861,-0.94367,0.21582,-0.03625,-0.95728,-3.38768,4.55289,12.24537,-1.69847,4.24046,1.95802
3,0.28482,0.01875,-1.03748,0.31213,-0.10217,-1.04272,-2.02454,4.79880,9.98528,-2.69847,4.74046,0.82061
3,0.24121,-0.02060,-1.01913,0.22485,-0.10522,-1.01575,-1.02781,4.98146,10.75573,-0.58015,4.79771,3.60305
3,0.28122,-0.12910,-0.97955,0.33130,-0.13232,-0.99829,-0.52926,3.39949,0.18236,-0.49618,2.51145,0.05344
3,0.22998,0.06775,-0.95098,0.25122,-0.03625,-0.96436,-2.85387,4.10742,11.76718,-2.60305,3.48473,1.95802
3,0.30042,0.05565,-0.92644,0.30981,-0.01685,-0.90881,-3.81734,5.24046,10.87895,-2.01527,5.65649,3.07634
3,0.34992,-0.11952,-0.97869,0.39124,-0.12134,-0.98218,0.23391,4.20992,0.74591,-0.50000,4.26718,0.94656
3,0.24069,-0.02794,-1.02152,0.28625,-0.12415,-1.01196,-2.72410,4.34787,8.15540,-2.60305,3.68321,0.96183
3,0.27187,-0.02883,-0.94739,0.29895,-0.09839,-0.96851,-2.16630,4.30752,8.97983,-2.29008,4.77099,2.61832
3,0.28584,0.03634,-1.02970,0.29724,-0.07471,-1.02527,-1.94875,3.99455,10.36805,-1.70992,4.74046,1.62214
3,0.29051,0.02066,-1.01486,0.27490,-0.09875,-1.00305,-2.97328,5.11941,10.00327,-1.40076,4.87023,2.32443
3,0.33508,-0.18795,-0.97698,0.30383,-0.17639,-0.98010,-1.21429,3.24700,0.98146,-1.01527,3.96947,0.60305
3,0.22170,0.03179,-0.96368,0.23584,-0.00476,-0.98767,-2.76118,2.99727,10.24318,-1.09160,4.06489,4.01145
3,0.25940,0.06630,-0.95304,0.24146,-0.09192,-0.95215,-1.47328,3.07634,11.49564,-0.64885,3.67557,1.84733
3,0.27323,-0.00276,-1.01151,0.26575,-0.07727,-1.02136,-2.55998,5.12814,9.47056,-1.91985,4.77481,1.40076
3,0.26146,-0.00054,-0.99022,0.25964,-0.07727,-0.99536,-2.43511,4.86750,9.12704,-1.91985,4.58015,1.40076
3,0.20410,-0.00058,-0.96022,0.19666,-0.09204,-0.94153,-2.48473,1.90076,10.51091,-0.55725,2.11450,1.51145
3,0.28108,0.04143,-0.98104,0.23865,0.01477,-0.98926,-4.53490,4.32933,10.38713,-4.06107,4.70229,2.02672
3,0.23676,0.02530,-0.97104,0.22681,-0.11157,-0.99829,-2.00646,3.43277,8.40282,-1.51908,2.83206,0.70229
3,0.27243,0.00356,-0.95527,0.28564,-0.09998,-0.96716,-2.08342,3.41767,8.80425,-1.07252,3.59924,1.07252
3,0.32753,0.03313,-1.04733,0.35144,-0.09607,-1.04431,-2.26554,4.51036,12.11123,-2.54962,4.46947,0.87023
3,0.31644,-0.16947,-0.97416,0.28625,-0.16919,-0.99878,-0.17448,3.16848,0.73282,-0.07634,4.16031,0.49618
3,0.28437,0.01287,-0.95410,0.30139,-0.09998,-0.96716,-2.51963,4.48092,9.58506,-1.07252,3.96947,1.07252
3,0.26873,0.02494,-0.91152,0.27832,-0.05090,-0.94482,-3.23282,4.91330,9.78408,-2.50382,4.98092,3.08779
3,0.30479,0.00150,-0.98685,0.28271,-0.09937,-0.95361,-0.45583,4.32606,7.62214,0.19466,4.28244,1.03053
3,0.19812,-0.06154,-0.98948,0.17810,-0.05298,-0.99292,-0.70556,4.31243,0.88986,-0.73664,4.15267,0.87023
3,0.22845,-0.02248,-1.00452,0.22485,-0.10522,-1.00049,-0.45093,4.29607,10.58615,-0.16412,4.53053,2.16031
3,0.25340,0.03087,-0.99020,0.26074,-0.08728,-0.96924,-0.54744,4.80862,10.21429,-0.25191,4.18702,1.42748
3,0.21859,-0.07797,-0.93968,0.17993,-0.05298,-0.98596,-0.62814,3.86805,0.60687,-0.94275,4.07252,0.88931
3,0.20675,0.06707,-0.96198,0.25073,-0.04297,-0.96252,-2.95038,5.69793,9.61396,-1.79008,4.45802,3.82443
3,0.25429,-0.02084,-1.00593,0.29004,-0.08972,-1.00439,-2.60142,4.88768,8.71701,-2.55725,5.06870,1.88550
3,0.25549,0.10829,-1.01873,0.27515,0.03052,-1.00830,-1.34842,6.04635,14.14504,-0.99618,6.12595,9.72137
3,0.28755,0.02897,-1.01280,0.25940,-0.09875,-1.00305,-3.21483,5.30262,10.09651,-1.82443,5.51145,2.32443
3,0.28802,0.04177,-0.95014,0.27563,0.01477,-0.96436,-4.39313,4.52563,10.48691,-3.06870,4.70229,2.12977
3,0.25357,0.09649,-0.99227,0.25256,-0.08521,-0.95239,-2.90240,2.96619,12.41821,-1.89695,3.62214,2.28626
3,0.24775,0.09968,-0.99482,0.25256,-0.02319,-0.95325,-3.28790,2.34297,12.04962,-2.88168,2.91985,1.55344
3,0.25190,-0.08327,-0.98739,0.18018,-0.05750,-0.99353,-0.63032,4.19956,0.96728,-0.67939,4.15267,0.88931
3,0.25422,-0.02958,-0.96746,0.30225,-0.09692,-0.95557,-1.12214,3.53817,5.84733,-1.05725,4.39695,1.37023
3,0.26309,-0.10630,-0.97139,0.29968,-0.12292,-0.99756,-0.73969,3.36870,0.65802,-0.58015,2.67176,0.25191
3,0.23369,0.04424,-0.94627,0.24719,-0.00476,-0.92688,-2.45256,3.69738,10.55507,-2.15267,4.08779,4.01145
3,0.25105,0.00874,-0.99348,0.23999,-0.07788,-1.00305,-3.66903,5.33315,9.15867,-1.40076,4.58015,2.32443
3,0.25288,-0.01800,-1.01578,0.29700,-0.10547,-1.01196,-2.36968,4.90840,8.63468,-1.83206,4.20229,1.23664
3,0.32281,-0.09783,-0.98940,0.39124,-0.08765,-0.98901,-0.52126,4.72901,1.00055,-0.63359,4.24046,0.94656
3,0.28076,0.04918,-1.03176,0.24524,0.01477,-1.01038,-3.51908,5.31243,8.97819,-2.88168,5.93511,2.02672
3,0.23404,0.05495,-0.97185,0.21960,0.02209,-0.94250,-1.36314,5.54144,11.76281,-0.72519,5.01527,4.80534
3,0.31925,-0.12716,-0.96773,0.34814,-0.13232,-0.99976,0.28626,4.49364,0.37786,-0.22137,3.01908,0.23664
3,0.21244,0.03721,-0.96312,0.21680,-0.00476,-0.98669,-2.75900,3.03326,10.59597,-1.07634,4.06489,4.01145
3,0.29417,-0.00082,-0.98431,0.28271,-0.10437,-0.96509,-0.62050,4.30971,7.64995,-0.74427,4.27099,1.03435
3,0.26693,0.04817,-0.98197,0.27441,-0.06531,-0.96863,-1.74100,2.08670,9.40403,-1.45038,1.93130,1.62214
3,0.24908,0.09045,-0.98884,0.25256,-0.08521,-0.95239,-3.18212,2.35442,12.05943,-2.14122,2.91985,1.62214
3,0.25478,0.07708,-1.02332,0.22705,0.01477,-1.01038,-3.47764,3.92912,9.90785,-2.88168,5.59924,2.02672
3,0.24578,0.01350,-1.02049,0.26709,-0.07922,-1.02197,-1.92803,3.89749,8.70065,-0.92748,3.85496,1.23664
3,0.21582,-0.01283,-1.01749,0.20276,-0.09082,-1.01038,-0.85605,4.83642,10.79989,-0.32443,4.79771,3.60305
3,0.29225,-0.10817,-0.93619,0.32117,-0.11938,-0.95691,-0.13522,4.41112,1.42748,1.02672,4.03817,1.41603
3,0.34004,0.01554,-1.02593,0.32471,-0.09607,-1.05493,-2.10196,4.82824,10.93402,-1.80534,4.26718,0.87023
3,0.21218,0.03067,-0.98077,0.26074,-0.06702,-0.96924,-1.62268,4.87077,8.22028,-0.55344,3.99618,1.42748
3,0.24245,-0.10557,-0.90984,0.20129,-0.08398,-0.95947,-0.21592,3.18539,0.66848,-0.72519,3.73664,0.99237
3,0.32160,-0.15398,-0.96913,0.32922,-0.16003,-0.97217,0.74318,3.96292,0.69575,0.55344,4.26718,0.49618
3,0.27171,0.04131,-1.01543,0.28955,-0.05957,-1.00562,-1.63577,3.67067,9.95474,-1.95420,4.46947,0.83206
3,0.28489,-0.01329,-0.97145,0.26575,-0.10913,-0.96594,-2.05180,4.43784,8.97601,-1.19847,4.38168,1.09542
3,0.28530,-0.01791,-0.98172,0.29211,-0.09790,-0.96851,-2.70502,4.50055,7.95856,-2.29008,4.77099,2.05725
3,0.29688,-0.01655,-0.99241,0.30261,-0.11267,-0.99182,-2.49727,4.53871,9.19738,-1.71374,4.06107,1.08397
3,0.25591,-0.00166,-0.96842,0.29126,-0.10413,-0.99121,-2.25463,4.42966,8.27481,-2.28626,4.46183,0.91221
3,0.28573,-0.00209,-0.96158,0.29443,-0.10413,-0.98560,-1.83860,5.24318,8.00654,-0.97328,4.34733,1.03435
3,0.24125,-0.01341,-0.97187,0.24951,-0.09692,-0.96826,-1.79989,3.84188,7.10523,-1.76718,4.41603,1.37023
3,0.28584,-0.01163,-0.98744,0.26575,-0.10913,-1.00525,-2.27699,4.48419,9.28026,-1.19847,4.38168,1.01908
3,0.28141,-0.00195,-0.97306,0.29126,-0.10864,-0.99121,-2.13359,5.44493,8.47764,-1.45802,4.74427,1.03435
3,0.26604,0.07600,-0.97208,0.27441,-0.06531,-0.93481,-2.48201,1.92585,11.02017,-1.45038,1.93130,1.62214
3,0.24904,0.04813,-0.99379,0.26904,-0.03406,-1.00562,-1.87568,4.04635,10.41003,-1.66031,3.85496,1.58779
3,0.24993,0.08289,-1.01203,0.28491,-0.04297,-0.99255,-2.27481,6.23882,10.74155,-1.31679,5.52290,4.47710
3,0.28144,0.00354,-0.96404,0.29443,-0.10413,-0.98560,-1.78844,5.21701,8.40076,-0.97328,4.34733,1.03435
3,0.25049,0.07819,-0.99641,0.26270,0.09021,-1.00134,-3.62759,5.20992,13.59869,-2.23664,4.74427,7.37786
3,0.26784,0.00237,-0.96821,0.27490,-0.07727,-0.96802,-2.67285,5.02999,8.59924,-1.91985,4.58015,1.40076
3,0.20869,0.05312,-0.97888,0.26428,-0.04297,-0.97375,-2.63250,4.63141,8.76227,-1.79008,4.32061,3.82443
3,0.22348,-0.01461,-1.02337,0.20276,-0.09082,-1.01880,-0.96565,5.00164,10.86805,-0.58015,4.79771,3.60305
3,0.30746,-0.02100,-0.95663,0.33838,-0.09619,-0.93494,-2.01309,4.82225,8.16303,-0.89695,5.06870,1.78244
3,0.28237,-0.02475,-0.97691,0.29211,-0.09790,-0.96851,-2.41712,4.19248,8.00164,-1.59924,4.77099,2.05725
3,0.25293,0.01835,-0.97890,0.21960,-0.00269,-0.96326,-1.21756,4.70665,10.92039,-0.72519,5.01527,4.27863
3,0.21552,-0.02644,-0.98118,0.22168,-0.09204,-0.96411,-1.74373,2.32606,6.92203,-0.55725,3.29008,1.51145
3,0.27907,-0.10505,-0.95930,0.32922,-0.11938,-0.95825,-0.07034,4.16412,1.30589,0.63359,4.03817,1.41603
3,0.23057,0.03376,-0.94990,0.25720,-0.00476,-0.92346,-2.93239,3.11232,10.36423,-2.15267,4.08779,4.01145
3,0.24545,-0.00316,-0.99372,0.26709,-0.10547,-1.00940,-2.03053,3.35442,9.23337,-0.92748,3.29389,1.23664
3,0.20773,0.02300,-0.96828,0.25073,-0.09094,-0.96252,-1.69956,5.46347,8.22356,-0.48092,4.45802,1.15649
3,0.29065,-0.09933,-0.96948,0.33704,-0.11938,-0.95825,0.20502,3.93184,1.17503,0.91603,3.83969,1.40076
3,0.27244,0.03770,-0.96465,0.24146,-0.09290,-0.95776,-1.38222,2.97056,10.68757,-0.29389,3.33588,1.44656
3,0.33046,-0.16268,-0.96791,0.32922,-0.16553,-0.97217,-0.00654,3.72410,0.65267,0.27099,4.26718,0.49618
3,0.35322,0.02475,-1.03010,0.36353,-0.09607,-1.04431,-2.11668,5.41385,12.40022,-2.54962,4.74046,0.87023
3,0.33871,-0.03177,-0.96795,0.31873,-0.14331,-0.96021,-1.77917,3.96565,10.38931,-1.35496,3.55725,2.51908
3,0.29454,-0.00377,-1.00783,0.28271,-0.09912,-1.00171,-2.18593,5.06325,7.97983,-1.40076,5.51145,1.44275
3,0.25473,-0.02201,-1.00598,0.29004,-0.09790,-1.00439,-2.57361,4.89967,8.71483,-2.55725,5.06870,1.88550
3,0.25225,-0.04100,-0.98741,0.27795,-0.09338,-0.98621,0.47110,4.25136,8.78735,0.14504,4.18702,1.42748
3,0.22548,0.06810,-0.95163,0.25122,-0.03625,-0.96436,-2.89640,4.05398,11.73119,-2.60305,3.36641,1.95802
3,0.37000,0.00738,-1.00105,0.35864,-0.10950,-0.98010,-2.81952,3.82770,11.77590,-1.85115,3.22901,3.35115
3,0.27386,-0.13382,-0.97810,0.33130,-0.13232,-1.00122,-0.01636,3.85387,0.38822,-0.49618,2.83206,0.45038
3,0.30631,-0.14950,-0.96617,0.29907,-0.15857,-0.96021,-1.82170,2.97383,2.62704,-1.35496,2.65649,0.96183
3,0.25780,0.00942,-1.00992,0.23999,-0.07788,-1.00891,-3.82933,5.39422,9.14667,-2.00382,4.58015,2.32443
3,0.27698,0.08548,-1.00710,0.29346,-0.03784,-0.98950,-2.17339,6.25682,12.02617,-1.31679,5.52290,5.54580
3,0.25115,-0.00269,-0.96692,0.29126,-0.10413,-0.99121,-2.42694,4.46292,8.29935,-2.28626,4.46183,0.91221
3,0.25134,-0.01855,-1.00891,0.28625,-0.10547,-1.00439,-2.70829,4.54907,8.43948,-2.60305,3.68321,1.23664
3,0.24855,-0.01683,-1.01017,0.28625,-0.08972,-1.00439,-2.76063,4.91930,8.78735,-2.55725,5.29008,1.88550
3,0.24983,0.05751,-0.99280,0.26538,-0.01172,-1.00134,-2.89313,5.02835,11.48909,-2.23664,4.32061,3.01908
3,0.25096,0.10502,-1.01017,0.24524,0.01477,-0.97937,-3.59215,2.95311,12.30425,-4.06107,4.52290,2.02672
3,0.25637,0.04234,-0.98239,0.28638,-0.04626,-0.99060,-1.56216,3.50763,10.55834,-1.07634,3.83206,3.05344
3,0.25399,0.05861,-0.95063,0.23523,-0.09290,-0.94836,-1.38495,2.56325,11.28026,-0.29389,2.39313,1.44656
3,0.25024,0.00769,-1.00061,0.26074,-0.09338,-0.97571,-0.21429,4.71538,9.67666,-0.25191,4.18702,1.42748
3,0.17589,-0.05144,-0.99320,0.17810,-0.05066,-0.99451,-0.77099,4.11941,0.87732,-0.80153,4.15267,0.88550
3,0.28758,0.00916,-1.00802,0.25964,-0.09875,-1.00171,-2.77208,5.49400,8.72246,-1.82443,5.98092,2.32443
3,0.28034,-0.01580,-0.98795,0.29211,-0.08667,-1.03015,-2.29989,4.61341,8.23664,-1.59924,5.06870,2.05725
3,0.19611,0.02202,-0.94114,0.19727,-0.06189,-0.94312,-2.81189,2.73282,8.87186,-0.64504,2.29008,1.32443
3,0.25314,0.02375,-0.94591,0.23376,-0.03577,-0.95044,-2.57415,4.95802,9.53762,-2.01527,4.99618,3.08779
3,0.28746,0.05331,-0.92341,0.27832,-0.01685,-0.90881,-3.56107,4.64613,10.70393,-1.56870,4.80534,2.22137
3,0.25868,-0.00183,-0.92585,0.24133,-0.05090,-0.94482,-2.44275,5.27372,7.08179,-2.01527,4.99618,2.46183
3,0.21416,0.04696,-0.97170,0.26074,-0.06702,-0.96350,-1.47056,4.67121,9.83697,-0.40840,3.83206,1.42748
3,0.24119,-0.00710,-0.98734,0.25696,-0.09082,-0.98572,-0.46674,4.04417,10.92421,-0.16412,4.18702,2.16031
3,0.25680,-0.10554,-0.91242,0.22534,-0.08398,-0.95947,-0.27863,3.43784,0.71156,-0.91985,3.73664,1.05344
3,0.29754,-0.12195,-0.91321,0.32117,-0.12158,-0.92761,-0.07525,3.49237,0.84460,-0.21374,3.12595,1.10305
3,0.24412,0.02679,-0.96730,0.23096,-0.08362,-0.99133,-1.90840,3.94547,8.79280,-1.14504,3.14885,1.04962
3,0.27370,-0.00539,-0.97459,0.25000,-0.09216,-0.97754,-2.50491,4.27154,9.33097,-1.55344,4.38168,1.21756
3,0.24461,0.05615,-0.98014,0.24609,0.03052,-0.96326,-1.34242,5.94547,12.35878,-0.58015,5.26718,8.16794
3,0.29143,0.00387,-0.98872,0.28271,-0.09912,-0.96277,-1.84188,5.10196,7.88168,-0.36641,5.51145,1.47328
3,0.22501,0.01578,-0.95480,0.21533,-0.00269,-0.95044,-1.59269,4.62105,9.45202,-1.19847,4.91603,4.22901
3,0.22105,0.00075,-0.95977,0.21582,-0.09534,-0.95728,-2.68648,3.38059,9.08397,-0.64504,4.09160,1.51527
3,0.22784,0.06986,-0.95370,0.25122,-0.03625,-0.96436,-2.33533,4.64995,10.39040,-1.55344,4.43893,1.95802
3,0.30232,-0.00385,-1.00063,0.30249,-0.09912,-0.98254,-2.05507,4.84460,7.84733,-1.01908,4.73664,1.44275
3,0.25173,0.07397,-0.97325,0.23523,-0.07324,-0.98291,-2.29989,2.90840,13.63086,-0.66794,4.06107,1.44656
3,0.28162,0.04710,-0.98717,0.28955,-0.06531,-0.96228,-1.66358,3.28408,10.22028,-1.45038,2.87405,1.62214
3,0.36012,0.00874,-1.00811,0.34387,-0.10254,-1.01855,-2.92694,4.75354,11.17557,-2.22137,4.26718,1.47710
3,0.22297,0.01932,-0.97757,0.21777,-0.07495,-0.96411,-1.56161,2.65431,10.20120,-0.59160,3.77863,1.77481
3,0.26857,0.10519,-1.01798,0.24524,0.01477,-1.01038,-3.64177,2.95529,12.54962,-4.06107,4.52290,2.02672
3,0.29682,-0.00113,-0.98582,0.28271,-0.10657,-0.96509,-0.42094,4.35605,7.68920,-0.24809,4.28244,1.03435
3,0.32720,-0.19193,-0.97921,0.28625,-0.18896,-0.99878,-0.76936,2.95093,0.86150,-0.77863,3.90840,0.49618
3,0.24473,0.06114,-0.95661,0.23523,-0.09192,-0.95398,-1.41058,3.00273,11.47983,-0.64885,3.16031,1.84733
3,0.21385,0.03317,-0.97443,0.26074,-0.06958,-0.96252,-1.64667,5.17884,8.34624,-0.48092,4.32061,1.44275
3,0.22287,-0.08970,-0.92104,0.17993,-0.05847,-0.97852,-0.33533,3.93184,0.68212,-0.91985,4.06107,0.99237
3,0.29815,-0.17126,-0.97367,0.28394,-0.17957,-0.99878,-0.45474,3.27317,0.88604,-0.07634,4.26718,0.82443
3,0.23926,0.04827,-0.99348,0.26074,-0.06702,-0.96924,-1.43621,4.77208,10.48146,-0.40840,4.00000,1.42748
3,0.24670,0.09757,-1.01365,0.24524,-0.02319,-0.97937,-3.34787,2.29880,12.07906,-2.88168,2.91985,1.75954
3,0.33208,-0.19076,-0.97119,0.28625,-0.18896,-0.97607,-0.77917,2.83588,1.07415,-0.77863,3.12595,0.60305
3,0.21838,-0.08165,-0.93923,0.17896,-0.05481,-0.98596,-0.51472,3.86641,0.64995,-0.91985,4.06107,0.92366
3,0.27832,-0.02162,-0.98668,0.28223,-0.08679,-1.00745,-2.30752,4.44002,8.47328,-0.80916,4.44656,1.40076
3,0.28911,0.04515,-0.93011,0.30981,-0.04639,-0.94531,-4.06816,5.25082,10.75791,-2.50382,5.05344,3.08779
3,0.23418,0.06974,-0.95459,0.21399,-0.08789,-0.95776,-1.38550,2.62486,11.32279,-0.64885,3.16031,1.64504
3,0.25950,-0.00966,-0.92861,0.26440,-0.05090,-0.94482,-2.36150,5.00981,7.32933,-2.01527,4.99618,2.46183
3,0.26278,0.05762,-0.96866,0.24146,-0.07324,-0.95776,-1.35987,2.24700,12.04907,-0.29389,3.33588,1.44656
3,0.29342,-0.10604,-0.96667,0.33704,-0.12146,-0.95129,0.51200,4.50436,1.22846,0.55344,4.18321,1.35878
3,0.23471,0.07645,-0.95112,0.22021,-0.08704,-0.95215,-1.45856,2.40894,11.71647,-0.85115,2.79389,1.84733
3,0.21505,0.03401,-0.94803,0.21680,-0.04297,-0.93140,-2.11123,2.63631,10.42803,-0.91603,3.77863,3.04198
3,0.25180,-0.02733,-0.98221,0.29004,-0.09790,-1.00098,-2.64885,4.56979,8.16848,-2.55725,4.77099,1.88550
3,0.34912,0.03019,-1.01608,0.35144,-0.09607,-1.04431,-2.05998,5.63413,12.12432,-2.54962,4.74046,0.87023
3,0.24076,-0.01978,-1.02384,0.28625,-0.09973,-1.01196,-2.71756,4.57306,8.42912,-2.55725,3.78626,1.23664
3,0.30200,-0.00511,-0.97885,0.28271,-0.10657,-0.94006,-0.36314,4.26990,7.58015,0.19466,4.28244,0.91221
3,0.25954,0.11485,-1.02590,0.22705,0.01477,-1.01038,-3.79607,3.63686,12.07034,-4.06107,5.59924,2.02672
3,0.33325,-0.10692,-0.98057,0.39124,-0.09290,-0.98499,-0.64068,4.65812,0.83479,-0.71374,4.16794,0.94656
3,0.21387,0.02966,-0.97897,0.26074,-0.06958,-0.96924,-1.75954,4.94329,8.22519,-0.55344,4.32061,1.42748
4,0.28810,-0.06995,-1.01747,0.22791,-0.01917,-0.98828,-0.79335,5.65540,1.08833,-0.74427,5.50000,0.98855
4,0.34882,-0.11185,-0.95980,0.35034,-0.15234,-0.95557,0.73773,4.82007,0.78735,0.20229,4.79771,0.75954
4,0.33222,-0.11523,-1.01597,0.31335,-0.06360,-1.02039,-0.14831,4.76499,0.38768,-0.17176,4.62214,0.75191
4,0.35221,-0.12415,-0.99013,0.54236,-0.20117,-0.99841,0.40403,5.32334,0.97819,0.17939,5.14885,1.19084
4,0.28939,-0.08337,-0.98516,0.22620,-0.06531,-0.98694,-0.65976,3.97492,0.58070,-0.59542,4.19084,0.61832
4,0.32581,-0.11103,-0.97506,0.41357,-0.16614,-0.96021,0.36314,4.82279,1.65049,0.59542,4.30534,1.52290
4,0.31299,-0.09755,-0.98026,0.28491,-0.10266,-0.98315,-0.52017,4.69575,0.70992,-0.88168,4.89313,0.85496
4,0.30015,-0.10202,-0.98061,0.13818,0.01111,-0.98206,-1.78571,4.52399,1.70174,-1.47710,4.51908,0.97328
4,0.02171,0.04181,-0.99906,0.01868,0.03943,-1.00024,-0.58906,4.83270,0.91603,-0.66794,4.92366,0.92748
4,0.38928,-0.15517,-0.96392,0.48877,-0.21863,-0.96362,-1.86096,4.45802,1.63250,-1.66412,4.53817,0.92366
4,0.30741,-0.08686,-1.01149,0.31982,-0.08936,-1.00232,-0.96783,4.57252,1.53871,-0.64504,4.41603,1.17557
4,0.33887,-0.12570,-1.01758,0.30554,-0.13782,-1.01514,-0.88986,3.97655,0.43075,-0.51527,4.20992,0.77863
4,0.33123,-0.10550,-0.99065,0.35034,-0.12756,-0.99792,0.92475,5.25791,1.06434,0.38168,5.14885,1.19084
4,0.08819,0.03467,-1.00532,0.06702,0.04004,-1.00244,-1.41003,4.64177,1.72901,-0.69847,5.52672,1.10687
4,0.36646,-0.11440,-0.98518,0.38574,-0.10364,-0.98596,0.62759,4.84624,0.89695,0.13740,4.73664,1.01908
4,0.36056,-0.13117,-0.99072,0.54626,-0.20117,-0.99841,0.50927,5.57252,0.75027,0.38168,5.14885,1.04198
4,0.03700,0.04156,-1.01283,0.03711,0.03870,-1.00537,-0.70720,4.59978,0.52181,-0.80916,4.70611,0.62977
4,0.35420,-0.12144,-0.98268,0.35034,-0.15234,-0.99255,1.18048,5.21919,0.93566,0.61832,5.00382,0.91985
4,0.31020,-0.09820,-1.03585,0.26270,-0.13000,-1.03711,-0.26336,4.86096,1.19575,-0.47328,4.90076,1.19084
4,0.30181,-0.09319,-0.98307,0.13489,0.00513,-1.00635,-0.92694,4.68484,0.88931,-0.50763,4.81298,0.94275
4,0.26238,-0.07146,-1.00767,0.07971,0.01465,-1.02039,0.12650,5.75191,1.19847,-0.49618,5.60305,0.98092
4,0.30718,-0.08344,-0.99717,0.31226,-0.10474,-0.98218,-1.02890,5.95856,1.23719,-0.77863,5.71374,1.11069
4,0.05594,0.02757,-0.99262,0.04199,0.02087,-0.98462,0.04198,4.83261,0.96292,-0.16794,5.16412,0.81298
4,0.17275,-0.00917,-1.00891,0.08264,0.02539,-1.02576,-1.45093,4.78462,1.70229,-0.57252,5.52672,0.98855
4,0.32171,-0.08480,-0.99826,0.35767,-0.11353,-0.98975,-0.70120,4.23773,0.95747,-0.79389,4.01145,0.90076
4,0.03320,0.03048,-1.00443,0.03101,0.03064,-1.00110,-0.76881,4.41003,0.64558,-0.66794,4.32443,0.72519
4,0.35175,-0.11736,-1.02590,0.41821,-0.12915,-1.03711,-0.16249,5.03980,1.23282,-0.06489,4.83588,1.22519
4,0.31069,-0.09169,-1.01372,0.35767,-0.11353,-1.00781,-0.92639,4.59651,1.48255,-0.64122,4.30534,1.05344
4,0.39068,-0.14444,-0.99452,0.46851,-0.23755,-1.00891,-1.00927,4.68212,0.87350,-0.38931,4.81298,0.92366
4,0.34541,-0.13996,-0.98793,0.42029,-0.15283,-0.99573,-0.57852,5.48691,1.11778,-1.18702,5.00763,1.08779
4,0.25713,-0.09105,-0.97845,0.15173,-0.02051,-0.98267,-0.22737,4.30207,1.56489,-0.50000,4.53817,1.08397
4,0.36339,-0.13661,-1.00255,0.46851,-0.23755,-1.00952,-0.85387,4.19029,0.74427,-0.38931,4.40076,0.86260
4,0.05912,0.03489,-1.00262,0.05359,0.03662,-0.99255,-0.34733,4.61450,0.71592,-0.36260,4.97710,0.72137
4,0.03917,0.04013,-0.98408,0.02075,0.05359,-0.98047,0.04035,4.65703,1.01799,-0.18702,5.07634,0.90840
4,0.26468,-0.09279,-0.97627,0.15173,-0.02051,-0.98267,-0.22192,4.26281,1.60523,-0.50000,4.52672,1.08397
4,0.31149,-0.08208,-0.99341,0.24414,-0.05981,-0.98938,-0.30916,4.19411,0.83915,-0.54198,4.24809,0.91985
4,0.29909,-0.08589,-0.97217,0.28491,-0.10266,-0.96753,-0.08724,4.71265,0.82661,-0.61832,4.99237,0.85496
4,0.32122,-0.09162,-1.00406,0.35767,-0.11353,-0.99524,-0.60851,4.49400,1.21320,-0.64122,4.24427,0.91985
4,0.34087,-0.10233,-0.95829,0.45642,-0.16614,-0.95251,0.31734,4.99237,1.47001,-0.07634,5.04198,1.20992
4,0.32732,-0.10641,-1.04276,0.26270,-0.13000,-1.04480,-0.16521,5.35278,1.27099,-0.20229,5.00000,1.22519
4,0.08285,0.03099,-1.00188,0.06921,0.03662,-0.99817,-0.44766,4.81243,0.69629,-0.54962,4.97710,0.74809
4,0.23424,-0.04299,-1.00854,0.05359,0.04553,-1.02344,-0.42421,5.62432,1.26118,-0.51527,5.60305,1.00763
4,0.26449,-0.06606,-1.01311,0.07971,0.01465,-1.02673,-0.41003,5.36369,1.19084,-0.49618,5.60305,0.87786
4,0.31233,-0.08637,-0.98941,0.22620,-0.06531,-0.98499,-0.41330,3.95365,0.60469,-0.59542,3.97710,0.76718
4,0.27992,-0.08147,-0.97979,0.22620,-0.06531,-0.98694,-0.34406,4.63250,0.70284,-0.59542,4.85878,0.85496
4,0.35493,-0.12981,-0.97729,0.30701,-0.11755,-0.99292,-1.82933,4.41603,1.70665,-1.39313,4.53817,0.97328
4,0.03721,0.03164,-0.98926,0.02856,0.02148,-1.00195,-0.00000,5.02748,0.97405,1.05344,4.98473,1.04580
4,0.03622,0.04030,-0.97412,0.02075,0.05481,-0.97607,-0.23446,5.35605,1.02017,-0.45420,5.26336,0.90840
4,0.31323,-0.09476,-1.01615,0.26270,-0.13000,-0.98450,-0.19956,5.29553,1.26390,-0.61450,5.18321,1.19084
4,0.05540,0.03146,-0.99302,0.02600,0.03162,-0.98914,-0.33588,4.68648,0.89368,-0.36260,5.07252,0.81298
4,0.34724,-0.11476,-0.99098,0.35034,-0.13318,-0.99792,0.72137,5.23991,0.98582,0.38168,5.14885,1.04198
4,0.30821,-0.09640,-0.97430,0.28491,-0.10266,-0.97400,-0.34569,4.75518,0.78517,-0.88168,4.99237,0.85496
4,0.29986,-0.11959,-0.97447,0.21729,-0.02539,-0.98206,-1.33860,4.72465,1.84787,-1.47710,4.29771,1.08779
4,0.38286,-0.16734,-0.99304,0.41956,-0.15283,-0.99475,0.04471,5.31407,1.73064,-0.09160,4.92366,1.52290
4,0.25464,-0.05436,-1.02314,0.11401,0.00610,-1.03394,0.03162,5.94602,1.42639,-0.03435,5.73282,1.26336
4,0.25710,-0.09103,-0.97604,0.15173,-0.02051,-0.98267,-0.20065,4.24864,1.58561,-0.50000,4.52290,1.08397
4,0.33475,-0.10550,-0.96544,0.41357,-0.16614,-0.95642,0.05180,5.20720,1.52672,-0.07634,5.04198,1.20992
4,0.02415,0.03879,-0.99209,0.01868,0.03455,-1.00024,-0.53282,4.80382,0.90687,-0.39695,4.75191,0.92748
4,0.33981,-0.11464,-1.01437,0.32397,-0.06042,-1.01233,-0.36532,4.41221,0.16467,-0.51527,4.33206,0.41603
4,0.32647,-0.09372,-1.01198,0.38330,-0.14233,-0.98352,-1.13850,5.70174,1.32988,-0.77863,5.50000,1.13740
4,0.02471,0.04053,-0.98782,0.01831,0.04590,-0.99854,-0.57846,4.94063,0.94487,-0.67176,4.98473,1.04580
4,0.35432,-0.15360,-0.99116,0.42029,-0.16406,-0.99573,-1.32770,5.04089,1.78244,-1.48473,4.73282,1.08779
4,0.05612,0.03533,-1.00480,0.04810,0.03406,-1.00354,-0.68266,4.84787,0.54853,-0.77863,4.83206,0.71756
4,0.32129,-0.11229,-1.00396,0.29150,-0.08557,-1.02051,-0.08124,5.17285,0.51908,0.17939,4.93130,0.85496
4,0.38600,-0.17010,-0.99779,0.41956,-0.15283,-0.99658,0.00164,5.31570,1.74918,-0.09160,4.92366,1.52290
4,0.25305,-0.05886,-1.00738,0.07422,0.02441,-0.99585,-0.23610,5.48419,0.91276,-0.73664,5.16412,0.81679
4,0.05352,0.03481,-0.99824,0.04199,0.03162,-0.98914,-0.01036,4.72955,0.99400,-0.36260,5.16412,0.81298
4,0.31506,-0.09537,-1.01146,0.35767,-0.11353,-1.00427,-0.99182,4.50545,1.44275,-0.64122,4.24427,0.98092
4,0.33257,-0.11825,-1.02403,0.32397,-0.06360,-1.03223,-1.10087,4.42912,0.22683,-0.52290,4.52290,0.41603
4,0.07206,0.03362,-1.00483,0.05408,0.02856,-1.00244,-1.29935,4.34569,1.76172,-0.41221,5.34351,1.24809
4,0.34790,-0.11865,-1.01186,0.33972,-0.08850,-1.00403,-0.74755,4.19684,0.21483,-0.51527,4.20992,0.61832
4,0.30640,-0.08894,-1.01149,0.31982,-0.08936,-1.00232,-0.94984,4.65376,1.46947,-0.64504,4.41603,1.01527
4,0.32870,-0.11670,-1.02375,0.32397,-0.06360,-1.03223,-1.08451,4.43402,0.25518,-0.52290,4.55725,0.41603
4,0.23511,-0.03606,-1.04100,0.11401,0.00610,-1.04492,-0.83751,5.06598,1.86369,-0.03435,5.73282,1.26336
4,0.25504,-0.06566,-1.00445,0.07129,0.02441,-1.00488,-0.04798,4.90731,0.96892,-0.49618,4.49618,0.70229
4,0.02780,0.03076,-0.98444,0.01831,0.02148,-0.99854,-0.79498,4.91712,1.08397,-1.61069,4.98473,1.09924
4,0.27947,-0.07685,-0.98099,0.22620,-0.06531,-0.98694,-0.48419,4.68212,0.69357,-0.85878,4.85878,0.85496
4,0.38470,-0.17132,-0.99637,0.41956,-0.15283,-0.99658,0.05125,5.49346,1.56925,-0.09160,4.92366,1.41603
4,0.31492,-0.09743,-0.98152,0.15308,0.00183,-1.00635,-1.44929,4.69793,0.94384,-0.83206,4.81298,0.95802
4,0.01964,0.04261,-1.00095,0.01831,0.04590,-1.00195,-0.54476,4.82998,0.82720,-0.66412,4.98473,0.80916
4,0.37987,-0.14153,-0.99885,0.46851,-0.23755,-1.00891,-1.08451,4.34733,0.78462,-0.38931,4.64122,0.90076
4,0.04902,0.04388,-0.99344,0.03015,0.05493,-0.98083,-1.29498,4.41058,1.65158,-0.45420,5.26336,0.98092
4,0.03155,0.02499,-1.00715,0.02954,0.03064,-1.00281,-0.70174,4.68266,0.66903,-0.66794,4.61450,0.72519
4,0.33017,-0.11522,-0.97968,0.41357,-0.16614,-0.96729,0.51854,4.88113,1.68811,0.59542,4.51145,1.52290
4,0.06623,0.04248,-0.99581,0.05359,0.04834,-0.98914,-0.32497,4.66031,0.66249,-0.36260,4.97710,0.72137
4,0.37200,-0.12601,-1.00750,0.41821,-0.12915,-1.03711,-0.03871,4.95747,0.93675,0.00763,4.72519,1.16794
4,0.38353,-0.17006,-0.98941,0.42407,-0.15283,-0.99683,-0.52399,5.53762,1.25409,-0.91603,5.17939,1.12977
4,0.31400,-0.10716,-1.00575,0.31982,-0.08936,-0.99414,-0.55289,4.79226,1.41603,-0.64504,4.63740,1.12977
4,0.25633,-0.06170,-1.01154,0.07422,0.01624,-0.99585,-0.21701,5.77917,0.97655,-0.60305,5.43893,0.95038
4,0.02141,0.03866,-0.99487,0.02039,0.03760,-0.98840,-0.49455,4.72846,0.65649,-0.66794,4.69084,0.73664
4,0.35100,-0.13968,-0.99220,0.42029,-0.15283,-1.00024,-0.24537,5.47655,1.27863,-1.04198,5.00763,1.12977
4,0.08538,0.02907,-1.00127,0.06921,0.03662,-0.99817,-0.35605,4.62214,0.69684,-0.22137,4.83969,0.74809
4,0.05851,0.03167,-0.99158,0.04773,0.03162,-0.98462,0.01636,4.88931,0.93021,-0.16794,5.16412,0.81298
4,0.02933,0.04470,-1.00129,0.03101,0.05713,-0.99097,-0.29826,4.99891,0.59760,-0.63359,4.87023,0.65267
4,0.04553,0.03495,-0.98971,0.03015,0.03162,-0.98462,0.01472,4.63304,1.01145,-0.18702,5.07634,0.90840
4,0.36808,-0.13979,-0.99548,0.46851,-0.23755,-1.00403,-0.88659,4.39422,0.61450,-0.50382,4.58779,0.86260
4,0.26536,-0.07849,-1.00494,0.11511,0.01514,-0.99414,-0.53544,4.60632,1.48146,-0.59542,4.63740,1.12977
4,0.07575,0.03680,-0.99852,0.05408,0.05078,-0.98083,-1.37841,4.34842,1.72137,-0.69847,5.34351,1.10687
4,0.25902,-0.06632,-1.01031,0.07129,0.02441,-1.01929,0.05016,5.01472,1.05234,-0.49618,4.49618,0.71756
4,0.03142,0.04290,-1.01957,0.03259,0.03870,-1.01221,-0.62868,4.56870,0.56161,-0.66794,4.48855,0.65267
4,0.33282,-0.10880,-0.98436,0.41357,-0.16614,-0.96021,0.17230,4.96510,1.60251,0.34351,4.67176,1.43130
4,0.29883,-0.07657,-0.99165,0.24414,-0.05981,-0.98743,-0.64013,4.14558,0.97437,-0.56107,3.72137,0.91985
4,0.35488,-0.15329,-0.97588,0.40295,-0.14111,-0.97083,0.13795,5.13631,1.78190,0.34351,4.50382,1.54198
4,0.06076,0.03674,-0.99958,0.04199,0.03284,-0.98767,-1.31897,4.42203,1.74046,-0.45420,5.34351,1.10305
4,0.29365,-0.10636,-0.97930,0.13818,0.01111,-0.98206,-2.03053,4.62759,1.70720,-1.66412,4.51908,0.97328
4,0.29105,-0.06778,-1.00605,0.22791,-0.01917,-0.98352,-1.05344,5.51418,1.19738,-0.77863,5.50000,1.07634
4,0.27464,-0.07436,-0.98181,0.22620,-0.06531,-0.98694,-0.36750,3.92694,0.67612,-0.59542,4.19084,0.72901
4,0.38639,-0.15787,-0.97309,0.46851,-0.23755,-0.97925,-1.69793,4.50981,1.69902,-1.39313,4.81298,0.95420
4,0.37059,-0.16159,-0.99203,0.42407,-0.15283,-1.00024,-0.57470,5.49019,1.28081,-1.16031,5.17939,1.12977
4,0.32905,-0.08573,-1.02900,0.38330,-0.14233,-0.98352,-0.97928,5.38550,1.32988,-0.77863,5.35496,1.13740
4,0.36131,-0.13457,-1.00040,0.46851,-0.23755,-1.00891,-0.83860,4.25463,0.85169,-0.38931,4.40076,0.90076
4,0.24779,-0.06620,-1.00490,0.07129,0.02441,-1.00488,-0.21701,5.02290,0.80807,-0.49618,4.76336,0.70229
4,0.30528,-0.08824,-1.01228,0.31982,-0.08936,-1.00232,-0.89804,4.65431,1.47710,-0.63740,4.41985,1.01527
4,0.32882,-0.11476,-1.01650,0.32397,-0.06042,-1.01233,-0.44438,4.27426,0.19629,-0.51527,4.33206,0.41603
4,0.26608,-0.07298,-1.00853,0.07971,0.01465,-1.02039,-0.13086,5.63959,1.19138,-0.49618,5.60305,0.87786
4,0.26943,-0.08032,-1.00509,0.13062,0.01514,-0.99414,-0.55016,4.82497,1.45965,-0.63740,4.77481,1.12977
4,0.28594,-0.08887,-1.00476,0.22485,-0.04468,-0.99414,-0.57743,4.78680,1.45856,-0.64504,4.63740,1.12977
4,0.29864,-0.09408,-0.97949,0.13818,0.02478,-0.98206,-1.83152,4.36423,1.69629,-1.47710,4.29771,0.97328
4,0.24278,-0.04958,-1.01855,0.09717,0.03516,-1.03223,-0.38059,5.51363,1.30971,-0.44656,5.60305,1.13740
4,0.07153,0.04107,-0.99786,0.05359,0.04834,-0.98950,-0.35169,4.89695,0.64667,-0.54962,5.15649,0.72137
4,0.31468,-0.08522,-0.99383,0.24414,-0.05981,-0.98938,-0.32225,4.00436,0.77154,-0.54198,4.24809,0.91985
4,0.17604,-0.01188,-1.00523,0.08264,0.02539,-1.00244,-1.19847,4.73882,1.78953,-0.30534,5.34351,1.10687
4,0.33374,-0.12066,-1.02333,0.32397,-0.06360,-1.03223,-0.12323,5.08615,0.46674,-0.17176,4.74809,0.82824
4,0.33046,-0.09652,-1.03268,0.38330,-0.14233,-0.98450,-0.57906,5.33206,1.32225,-0.61450,5.18321,1.19084
4,0.32422,-0.11115,-0.98955,0.35034,-0.12756,-0.99792,0.50927,5.25900,1.11505,0.17939,5.14885,1.19084
4,0.29994,-0.12113,-0.97461,0.21729,-0.02539,-0.98206,-1.89313,4.50763,1.82225,-1.66412,4.29771,1.04198
4,0.30978,-0.09401,-1.02216,0.26270,-0.13000,-0.99719,-0.41276,5.22628,1.23610,-0.79389,5.03053,1.19084
4,0.33733,-0.10069,-0.95428,0.45642,-0.16614,-0.95251,0.25300,5.04580,1.38986,-0.07634,5.04198,1.20992
4,0.26353,-0.07057,-1.01135,0.07971,0.01465,-1.02039,-0.09978,5.68157,1.15322,-0.70229,5.36260,0.83588
4,0.17193,-0.00419,-1.01193,0.08264,0.04004,-1.03149,-1.22737,4.89477,1.73882,-0.30534,5.54198,1.00763
4,0.35413,-0.10489,-0.96715,0.38574,-0.10364,-0.97729,0.72356,4.71756,0.83697,0.20229,4.79771,0.80916
4,0.33343,-0.09659,-1.03531,0.38330,-0.14233,-0.98901,-0.92203,5.47655,1.33969,-0.61450,5.35496,1.20611
4,0.31813,-0.09417,-1.00521,0.35767,-0.11353,-0.99524,-0.74591,4.41930,1.24373,-0.64122,4.24427,0.95802
4,0.34054,-0.14375,-0.98335,0.35242,-0.11414,-0.98914,-1.33969,4.78190,1.88659,-1.48473,4.35496,1.12977
4,0.32188,-0.11543,-1.02344,0.32397,-0.06360,-1.03223,-0.65976,4.56107,0.36696,-0.51527,4.62214,0.52290
4,0.34070,-0.11712,-0.98265,0.30554,-0.11755,-1.00342,-0.85005,4.71374,0.87950,-0.38931,4.81298,0.92366
4,0.38395,-0.17099,-0.98647,0.42407,-0.15283,-0.99658,-0.49291,5.54198,1.25409,-0.80534,5.17939,1.12977
4,0.30793,-0.08679,-0.95914,0.37109,-0.13123,-0.95251,-0.13304,4.95202,1.10796,-0.72137,4.99237,1.07252
4,0.16474,-0.00607,-1.01468,0.07434,0.04004,-1.03149,-1.23882,5.00382,1.78081,-0.30534,5.66031,1.12214
4,0.36741,-0.11740,-1.00019,0.38574,-0.10364,-1.00732,0.07743,4.71265,0.85660,0.00763,4.72519,0.98092
4,0.35390,-0.11921,-1.02154,0.41821,-0.12915,-1.03711,-0.15976,4.98419,1.20011,-0.06489,4.83588,1.22519
4,0.37031,-0.12324,-0.99458,0.38574,-0.10364,-0.99023,0.64613,4.67121,0.90403,0.12595,4.72519,1.16794
4,0.27323,-0.09455,-0.98394,0.15173,-0.02051,-0.98682,-0.12923,4.35224,1.78244,-0.50000,4.52672,1.08397
4,0.29168,-0.07490,-0.99316,0.22620,-0.06531,-0.98901,-0.39258,4.00763,0.53326,-0.59542,4.19084,0.61832
4,0.02954,0.02614,-1.00026,0.02515,0.03064,-1.00024,-0.51908,4.70393,0.67067,-0.66794,4.61450,0.73664
4,0.05664,0.03627,-1.00197,0.03467,0.03662,-0.99255,-0.46183,4.49128,0.85224,-0.36260,4.89313,0.76336
4,0.32404,-0.11229,-0.97524,0.21729,-0.01501,-0.97925,-1.80807,4.34133,1.69138,-1.47710,4.23664,0.95420
4,0.04456,0.04044,-1.00806,0.04248,0.03870,-1.00354,-0.69466,4.84297,0.49782,-0.80916,4.83206,0.60305
4,0.25558,-0.09474,-0.98019,0.14697,-0.02820,-0.99146,-0.20065,4.31407,1.50872,-0.50000,4.53817,1.08397
4,0.25382,-0.06546,-1.00980,0.07422,0.02441,-1.00806,-0.20174,5.24373,0.88332,-0.49618,5.01527,0.70992
4,0.28751,-0.07650,-0.96090,0.28491,-0.10266,-0.95813,-0.13740,4.91767,1.05889,-0.72137,4.99237,1.07252
4,0.33587,-0.12090,-1.00551,0.30554,-0.13782,-1.01514,-1.13631,4.03217,0.63740,-0.52290,4.38168,0.86260
4,0.02938,0.02275,-0.99080,0.02051,0.01270,-1.00024,-0.53053,4.52290,1.00891,-0.27863,4.75191,1.07252
4,0.30582,-0.07954,-0.98687,0.24414,-0.05981,-0.98743,-0.57688,4.19520,1.02781,-0.54198,3.95420,0.95802
4,0.04337,0.04271,-0.99315,0.02075,0.05481,-0.98047,-1.39531,4.43402,1.61341,-0.69847,5.26336,0.90840
